# UIU Wood Slotted Cafe Chair - Unity-ready OBJ
mtllib WoodSlottedCafeChair.mtl
o WoodShell
usemtl Wood
v -0.245000 0.440061 0.233957
v -0.226852 0.439490 0.233957
v -0.208704 0.438963 0.233957
v -0.190556 0.438480 0.233957
v -0.172407 0.438041 0.233957
v -0.154259 0.437646 0.233957
v -0.136111 0.437295 0.233957
v -0.117963 0.436988 0.233957
v -0.099815 0.436725 0.233957
v -0.081667 0.436505 0.233957
v -0.063519 0.436329 0.233957
v -0.045370 0.436198 0.233957
v -0.027222 0.436110 0.233957
v -0.009074 0.436066 0.233957
v 0.009074 0.436066 0.233957
v 0.027222 0.436110 0.233957
v 0.045370 0.436198 0.233957
v 0.063519 0.436329 0.233957
v 0.081667 0.436505 0.233957
v 0.099815 0.436725 0.233957
v 0.117963 0.436988 0.233957
v 0.136111 0.437295 0.233957
v 0.154259 0.437646 0.233957
v 0.172407 0.438041 0.233957
v 0.190556 0.438480 0.233957
v 0.208704 0.438963 0.233957
v 0.226852 0.439490 0.233957
v 0.245000 0.440061 0.233957
v -0.247000 0.447036 0.174196
v -0.228704 0.446465 0.174196
v -0.210407 0.445939 0.174196
v -0.192111 0.445456 0.174196
v -0.173815 0.445017 0.174196
v -0.155519 0.444622 0.174196
v -0.137222 0.444271 0.174196
v -0.118926 0.443963 0.174196
v -0.100630 0.443700 0.174196
v -0.082333 0.443480 0.174196
v -0.064037 0.443305 0.174196
v -0.045741 0.443173 0.174196
v -0.027444 0.443085 0.174196
v -0.009148 0.443041 0.174196
v 0.009148 0.443041 0.174196
v 0.027444 0.443085 0.174196
v 0.045741 0.443173 0.174196
v 0.064037 0.443305 0.174196
v 0.082333 0.443480 0.174196
v 0.100630 0.443700 0.174196
v 0.118926 0.443963 0.174196
v 0.137222 0.444271 0.174196
v 0.155519 0.444622 0.174196
v 0.173815 0.445017 0.174196
v 0.192111 0.445456 0.174196
v 0.210407 0.445939 0.174196
v 0.228704 0.446465 0.174196
v 0.247000 0.447036 0.174196
v -0.245000 0.453015 0.089487
v -0.226852 0.452444 0.089487
v -0.208704 0.451917 0.089487
v -0.190556 0.451434 0.089487
v -0.172407 0.450995 0.089487
v -0.154259 0.450600 0.089487
v -0.136111 0.450249 0.089487
v -0.117963 0.449942 0.089487
v -0.099815 0.449679 0.089487
v -0.081667 0.449459 0.089487
v -0.063519 0.449284 0.089487
v -0.045370 0.449152 0.089487
v -0.027222 0.449064 0.089487
v -0.009074 0.449020 0.089487
v 0.009074 0.449020 0.089487
v 0.027222 0.449064 0.089487
v 0.045370 0.449152 0.089487
v 0.063519 0.449284 0.089487
v 0.081667 0.449459 0.089487
v 0.099815 0.449679 0.089487
v 0.117963 0.449942 0.089487
v 0.136111 0.450249 0.089487
v 0.154259 0.450600 0.089487
v 0.172407 0.450995 0.089487
v 0.190556 0.451434 0.089487
v 0.208704 0.451917 0.089487
v 0.226852 0.452444 0.089487
v 0.245000 0.453015 0.089487
v -0.240000 0.457024 -0.000653
v -0.222222 0.456453 -0.000653
v -0.204444 0.455926 -0.000653
v -0.186667 0.455443 -0.000653
v -0.168889 0.455005 -0.000653
v -0.151111 0.454609 -0.000653
v -0.133333 0.454258 -0.000653
v -0.115556 0.453951 -0.000653
v -0.097778 0.453688 -0.000653
v -0.080000 0.453468 -0.000653
v -0.062222 0.453293 -0.000653
v -0.044444 0.453161 -0.000653
v -0.026667 0.453073 -0.000653
v -0.008889 0.453029 -0.000653
v 0.008889 0.453029 -0.000653
v 0.026667 0.453073 -0.000653
v 0.044444 0.453161 -0.000653
v 0.062222 0.453293 -0.000653
v 0.080000 0.453468 -0.000653
v 0.097778 0.453688 -0.000653
v 0.115556 0.453951 -0.000653
v 0.133333 0.454258 -0.000653
v 0.151111 0.454609 -0.000653
v 0.168889 0.455005 -0.000653
v 0.186667 0.455443 -0.000653
v 0.204444 0.455926 -0.000653
v 0.222222 0.456453 -0.000653
v 0.240000 0.457024 -0.000653
v -0.233000 0.465162 -0.076700
v -0.215741 0.464591 -0.076700
v -0.198481 0.464065 -0.076700
v -0.181222 0.463582 -0.076700
v -0.163963 0.463143 -0.076700
v -0.146704 0.462748 -0.076700
v -0.129444 0.462397 -0.076700
v -0.112185 0.462089 -0.076700
v -0.094926 0.461826 -0.076700
v -0.077667 0.461606 -0.076700
v -0.060407 0.461431 -0.076700
v -0.043148 0.461299 -0.076700
v -0.025889 0.461211 -0.076700
v -0.008630 0.461167 -0.076700
v 0.008630 0.461167 -0.076700
v 0.025889 0.461211 -0.076700
v 0.043148 0.461299 -0.076700
v 0.060407 0.461431 -0.076700
v 0.077667 0.461606 -0.076700
v 0.094926 0.461826 -0.076700
v 0.112185 0.462089 -0.076700
v 0.129444 0.462397 -0.076700
v 0.146704 0.462748 -0.076700
v 0.163963 0.463143 -0.076700
v 0.181222 0.463582 -0.076700
v 0.198481 0.464065 -0.076700
v 0.215741 0.464591 -0.076700
v 0.233000 0.465162 -0.076700
v -0.225000 0.483133 -0.134371
v -0.208333 0.482562 -0.134371
v -0.191667 0.482035 -0.134371
v -0.175000 0.481552 -0.134371
v -0.158333 0.481113 -0.134371
v -0.141667 0.480718 -0.134371
v -0.125000 0.480367 -0.134371
v -0.108333 0.480060 -0.134371
v -0.091667 0.479797 -0.134371
v -0.075000 0.479577 -0.134371
v -0.058333 0.479401 -0.134371
v -0.041667 0.479270 -0.134371
v -0.025000 0.479182 -0.134371
v -0.008333 0.479138 -0.134371
v 0.008333 0.479138 -0.134371
v 0.025000 0.479182 -0.134371
v 0.041667 0.479270 -0.134371
v 0.058333 0.479401 -0.134371
v 0.075000 0.479577 -0.134371
v 0.091667 0.479797 -0.134371
v 0.108333 0.480060 -0.134371
v 0.125000 0.480367 -0.134371
v 0.141667 0.480718 -0.134371
v 0.158333 0.481113 -0.134371
v 0.175000 0.481552 -0.134371
v 0.191667 0.482035 -0.134371
v 0.208333 0.482562 -0.134371
v 0.225000 0.483133 -0.134371
v -0.217000 0.518690 -0.172267
v -0.200926 0.518119 -0.172267
v -0.184852 0.517592 -0.172267
v -0.168778 0.517110 -0.172267
v -0.152704 0.516671 -0.172267
v -0.136630 0.516276 -0.172267
v -0.120556 0.515924 -0.172267
v -0.104481 0.515617 -0.172267
v -0.088407 0.515354 -0.172267
v -0.072333 0.515134 -0.172267
v -0.056259 0.514959 -0.172267
v -0.040185 0.514827 -0.172267
v -0.024111 0.514739 -0.172267
v -0.008037 0.514695 -0.172267
v 0.008037 0.514695 -0.172267
v 0.024111 0.514739 -0.172267
v 0.040185 0.514827 -0.172267
v 0.056259 0.514959 -0.172267
v 0.072333 0.515134 -0.172267
v 0.088407 0.515354 -0.172267
v 0.104481 0.515617 -0.172267
v 0.120556 0.515924 -0.172267
v 0.136630 0.516276 -0.172267
v 0.152704 0.516671 -0.172267
v 0.168778 0.517110 -0.172267
v 0.184852 0.517592 -0.172267
v 0.200926 0.518119 -0.172267
v 0.217000 0.518690 -0.172267
v -0.210000 0.565877 -0.195441
v -0.194444 0.565306 -0.195441
v -0.178889 0.564780 -0.195441
v -0.163333 0.564297 -0.195441
v -0.147778 0.563858 -0.195441
v -0.132222 0.563463 -0.195441
v -0.116667 0.563111 -0.195441
v -0.101111 0.562804 -0.195441
v -0.085556 0.562541 -0.195441
v -0.070000 0.562321 -0.195441
v -0.054444 0.562146 -0.195441
v -0.038889 0.562014 -0.195441
v -0.023333 0.561926 -0.195441
v -0.007778 0.561882 -0.195441
v 0.007778 0.561882 -0.195441
v 0.023333 0.561926 -0.195441
v 0.038889 0.562014 -0.195441
v 0.054444 0.562146 -0.195441
v 0.070000 0.562321 -0.195441
v 0.085556 0.562541 -0.195441
v 0.101111 0.562804 -0.195441
v 0.116667 0.563111 -0.195441
v 0.132222 0.563463 -0.195441
v 0.147778 0.563858 -0.195441
v 0.163333 0.564297 -0.195441
v 0.178889 0.564780 -0.195441
v 0.194444 0.565306 -0.195441
v 0.210000 0.565877 -0.195441
v -0.205000 0.621772 -0.210720
v -0.189815 0.621201 -0.210720
v -0.174630 0.620674 -0.210720
v -0.159444 0.620191 -0.210720
v -0.144259 0.619752 -0.210720
v -0.129074 0.619357 -0.210720
v -0.113889 0.619006 -0.210720
v -0.098704 0.618699 -0.210720
v -0.083519 0.618436 -0.210720
v -0.068333 0.618216 -0.210720
v -0.053148 0.618040 -0.210720
v -0.037963 0.617909 -0.210720
v -0.022778 0.617821 -0.210720
v -0.007593 0.617777 -0.210720
v 0.007593 0.617777 -0.210720
v 0.022778 0.617821 -0.210720
v 0.037963 0.617909 -0.210720
v 0.053148 0.618040 -0.210720
v 0.068333 0.618216 -0.210720
v 0.083519 0.618436 -0.210720
v 0.098704 0.618699 -0.210720
v 0.113889 0.619006 -0.210720
v 0.129074 0.619357 -0.210720
v 0.144259 0.619752 -0.210720
v 0.159444 0.620191 -0.210720
v 0.174630 0.620674 -0.210720
v 0.189815 0.621201 -0.210720
v 0.205000 0.621772 -0.210720
v -0.205000 0.656995 -0.218774
v -0.189815 0.656424 -0.218774
v -0.174630 0.655897 -0.218774
v -0.159444 0.655414 -0.218774
v -0.144259 0.654975 -0.218774
v -0.129074 0.654580 -0.218774
v -0.113889 0.654229 -0.218774
v -0.098704 0.653922 -0.218774
v -0.083519 0.653658 -0.218774
v -0.068333 0.653439 -0.218774
v -0.053148 0.653263 -0.218774
v -0.037963 0.653132 -0.218774
v -0.022778 0.653044 -0.218774
v -0.007593 0.653000 -0.218774
v 0.007593 0.653000 -0.218774
v 0.022778 0.653044 -0.218774
v 0.037963 0.653132 -0.218774
v 0.053148 0.653263 -0.218774
v 0.068333 0.653439 -0.218774
v 0.083519 0.653658 -0.218774
v 0.098704 0.653922 -0.218774
v 0.113889 0.654229 -0.218774
v 0.129074 0.654580 -0.218774
v 0.144259 0.654975 -0.218774
v 0.159444 0.655414 -0.218774
v 0.174630 0.655897 -0.218774
v 0.189815 0.656424 -0.218774
v 0.205000 0.656995 -0.218774
v -0.245000 0.457939 0.236043
v -0.226852 0.457369 0.236043
v -0.208704 0.456842 0.236043
v -0.190556 0.456359 0.236043
v -0.172407 0.455920 0.236043
v -0.154259 0.455525 0.236043
v -0.136111 0.455174 0.236043
v -0.117963 0.454867 0.236043
v -0.099815 0.454603 0.236043
v -0.081667 0.454384 0.236043
v -0.063519 0.454208 0.236043
v -0.045370 0.454077 0.236043
v -0.027222 0.453989 0.236043
v -0.009074 0.453945 0.236043
v 0.009074 0.453945 0.236043
v 0.027222 0.453989 0.236043
v 0.045370 0.454077 0.236043
v 0.063519 0.454208 0.236043
v 0.081667 0.454384 0.236043
v 0.099815 0.454603 0.236043
v 0.117963 0.454867 0.236043
v 0.136111 0.455174 0.236043
v 0.154259 0.455525 0.236043
v 0.172407 0.455920 0.236043
v 0.190556 0.456359 0.236043
v 0.208704 0.456842 0.236043
v 0.226852 0.457369 0.236043
v 0.245000 0.457939 0.236043
v -0.247000 0.464964 0.175804
v -0.228704 0.464393 0.175804
v -0.210407 0.463867 0.175804
v -0.192111 0.463384 0.175804
v -0.173815 0.462945 0.175804
v -0.155519 0.462550 0.175804
v -0.137222 0.462199 0.175804
v -0.118926 0.461891 0.175804
v -0.100630 0.461628 0.175804
v -0.082333 0.461408 0.175804
v -0.064037 0.461233 0.175804
v -0.045741 0.461101 0.175804
v -0.027444 0.461013 0.175804
v -0.009148 0.460970 0.175804
v 0.009148 0.460970 0.175804
v 0.027444 0.461013 0.175804
v 0.045741 0.461101 0.175804
v 0.064037 0.461233 0.175804
v 0.082333 0.461408 0.175804
v 0.100630 0.461628 0.175804
v 0.118926 0.461891 0.175804
v 0.137222 0.462199 0.175804
v 0.155519 0.462550 0.175804
v 0.173815 0.462945 0.175804
v 0.192111 0.463384 0.175804
v 0.210407 0.463867 0.175804
v 0.228704 0.464393 0.175804
v 0.247000 0.464964 0.175804
v -0.245000 0.470985 0.090513
v -0.226852 0.470415 0.090513
v -0.208704 0.469888 0.090513
v -0.190556 0.469405 0.090513
v -0.172407 0.468966 0.090513
v -0.154259 0.468571 0.090513
v -0.136111 0.468220 0.090513
v -0.117963 0.467913 0.090513
v -0.099815 0.467649 0.090513
v -0.081667 0.467430 0.090513
v -0.063519 0.467254 0.090513
v -0.045370 0.467123 0.090513
v -0.027222 0.467035 0.090513
v -0.009074 0.466991 0.090513
v 0.009074 0.466991 0.090513
v 0.027222 0.467035 0.090513
v 0.045370 0.467123 0.090513
v 0.063519 0.467254 0.090513
v 0.081667 0.467430 0.090513
v 0.099815 0.467649 0.090513
v 0.117963 0.467913 0.090513
v 0.136111 0.468220 0.090513
v 0.154259 0.468571 0.090513
v 0.172407 0.468966 0.090513
v 0.190556 0.469405 0.090513
v 0.208704 0.469888 0.090513
v 0.226852 0.470415 0.090513
v 0.245000 0.470985 0.090513
v -0.240000 0.474976 0.000653
v -0.222222 0.474406 0.000653
v -0.204444 0.473879 0.000653
v -0.186667 0.473396 0.000653
v -0.168889 0.472957 0.000653
v -0.151111 0.472562 0.000653
v -0.133333 0.472211 0.000653
v -0.115556 0.471904 0.000653
v -0.097778 0.471640 0.000653
v -0.080000 0.471421 0.000653
v -0.062222 0.471245 0.000653
v -0.044444 0.471113 0.000653
v -0.026667 0.471026 0.000653
v -0.008889 0.470982 0.000653
v 0.008889 0.470982 0.000653
v 0.026667 0.471026 0.000653
v 0.044444 0.471113 0.000653
v 0.062222 0.471245 0.000653
v 0.080000 0.471421 0.000653
v 0.097778 0.471640 0.000653
v 0.115556 0.471904 0.000653
v 0.133333 0.472211 0.000653
v 0.151111 0.472562 0.000653
v 0.168889 0.472957 0.000653
v 0.186667 0.473396 0.000653
v 0.204444 0.473879 0.000653
v 0.222222 0.474406 0.000653
v 0.240000 0.474976 0.000653
v -0.233000 0.482838 -0.073300
v -0.215741 0.482267 -0.073300
v -0.198481 0.481741 -0.073300
v -0.181222 0.481258 -0.073300
v -0.163963 0.480819 -0.073300
v -0.146704 0.480424 -0.073300
v -0.129444 0.480073 -0.073300
v -0.112185 0.479765 -0.073300
v -0.094926 0.479502 -0.073300
v -0.077667 0.479283 -0.073300
v -0.060407 0.479107 -0.073300
v -0.043148 0.478975 -0.073300
v -0.025889 0.478887 -0.073300
v -0.008630 0.478844 -0.073300
v 0.008630 0.478844 -0.073300
v 0.025889 0.478887 -0.073300
v 0.043148 0.478975 -0.073300
v 0.060407 0.479107 -0.073300
v 0.077667 0.479283 -0.073300
v 0.094926 0.479502 -0.073300
v 0.112185 0.479765 -0.073300
v 0.129444 0.480073 -0.073300
v 0.146704 0.480424 -0.073300
v 0.163963 0.480819 -0.073300
v 0.181222 0.481258 -0.073300
v 0.198481 0.481741 -0.073300
v 0.215741 0.482267 -0.073300
v 0.233000 0.482838 -0.073300
v -0.225000 0.498867 -0.125629
v -0.208333 0.498297 -0.125629
v -0.191667 0.497770 -0.125629
v -0.175000 0.497287 -0.125629
v -0.158333 0.496848 -0.125629
v -0.141667 0.496453 -0.125629
v -0.125000 0.496102 -0.125629
v -0.108333 0.495795 -0.125629
v -0.091667 0.495531 -0.125629
v -0.075000 0.495312 -0.125629
v -0.058333 0.495136 -0.125629
v -0.041667 0.495005 -0.125629
v -0.025000 0.494917 -0.125629
v -0.008333 0.494873 -0.125629
v 0.008333 0.494873 -0.125629
v 0.025000 0.494917 -0.125629
v 0.041667 0.495005 -0.125629
v 0.058333 0.495136 -0.125629
v 0.075000 0.495312 -0.125629
v 0.091667 0.495531 -0.125629
v 0.108333 0.495795 -0.125629
v 0.125000 0.496102 -0.125629
v 0.141667 0.496453 -0.125629
v 0.158333 0.496848 -0.125629
v 0.175000 0.497287 -0.125629
v 0.191667 0.497770 -0.125629
v 0.208333 0.498297 -0.125629
v 0.225000 0.498867 -0.125629
v -0.217000 0.529310 -0.157733
v -0.200926 0.528740 -0.157733
v -0.184852 0.528213 -0.157733
v -0.168778 0.527730 -0.157733
v -0.152704 0.527291 -0.157733
v -0.136630 0.526896 -0.157733
v -0.120556 0.526545 -0.157733
v -0.104481 0.526237 -0.157733
v -0.088407 0.525974 -0.157733
v -0.072333 0.525755 -0.157733
v -0.056259 0.525579 -0.157733
v -0.040185 0.525447 -0.157733
v -0.024111 0.525360 -0.157733
v -0.008037 0.525316 -0.157733
v 0.008037 0.525316 -0.157733
v 0.024111 0.525360 -0.157733
v 0.040185 0.525447 -0.157733
v 0.056259 0.525579 -0.157733
v 0.072333 0.525755 -0.157733
v 0.088407 0.525974 -0.157733
v 0.104481 0.526237 -0.157733
v 0.120556 0.526545 -0.157733
v 0.136630 0.526896 -0.157733
v 0.152704 0.527291 -0.157733
v 0.168778 0.527730 -0.157733
v 0.184852 0.528213 -0.157733
v 0.200926 0.528740 -0.157733
v 0.217000 0.529310 -0.157733
v -0.210000 0.572123 -0.178559
v -0.194444 0.571552 -0.178559
v -0.178889 0.571026 -0.178559
v -0.163333 0.570543 -0.178559
v -0.147778 0.570104 -0.178559
v -0.132222 0.569709 -0.178559
v -0.116667 0.569358 -0.178559
v -0.101111 0.569050 -0.178559
v -0.085556 0.568787 -0.178559
v -0.070000 0.568568 -0.178559
v -0.054444 0.568392 -0.178559
v -0.038889 0.568260 -0.178559
v -0.023333 0.568172 -0.178559
v -0.007778 0.568129 -0.178559
v 0.007778 0.568129 -0.178559
v 0.023333 0.568172 -0.178559
v 0.038889 0.568260 -0.178559
v 0.054444 0.568392 -0.178559
v 0.070000 0.568568 -0.178559
v 0.085556 0.568787 -0.178559
v 0.101111 0.569050 -0.178559
v 0.116667 0.569358 -0.178559
v 0.132222 0.569709 -0.178559
v 0.147778 0.570104 -0.178559
v 0.163333 0.570543 -0.178559
v 0.178889 0.571026 -0.178559
v 0.194444 0.571552 -0.178559
v 0.210000 0.572123 -0.178559
v -0.205000 0.626228 -0.193280
v -0.189815 0.625658 -0.193280
v -0.174630 0.625131 -0.193280
v -0.159444 0.624648 -0.193280
v -0.144259 0.624209 -0.193280
v -0.129074 0.623814 -0.193280
v -0.113889 0.623463 -0.193280
v -0.098704 0.623156 -0.193280
v -0.083519 0.622892 -0.193280
v -0.068333 0.622673 -0.193280
v -0.053148 0.622497 -0.193280
v -0.037963 0.622366 -0.193280
v -0.022778 0.622278 -0.193280
v -0.007593 0.622234 -0.193280
v 0.007593 0.622234 -0.193280
v 0.022778 0.622278 -0.193280
v 0.037963 0.622366 -0.193280
v 0.053148 0.622497 -0.193280
v 0.068333 0.622673 -0.193280
v 0.083519 0.622892 -0.193280
v 0.098704 0.623156 -0.193280
v 0.113889 0.623463 -0.193280
v 0.129074 0.623814 -0.193280
v 0.144259 0.624209 -0.193280
v 0.159444 0.624648 -0.193280
v 0.174630 0.625131 -0.193280
v 0.189815 0.625658 -0.193280
v 0.205000 0.626228 -0.193280
v -0.205000 0.661005 -0.201226
v -0.189815 0.660435 -0.201226
v -0.174630 0.659908 -0.201226
v -0.159444 0.659425 -0.201226
v -0.144259 0.658986 -0.201226
v -0.129074 0.658591 -0.201226
v -0.113889 0.658240 -0.201226
v -0.098704 0.657933 -0.201226
v -0.083519 0.657669 -0.201226
v -0.068333 0.657450 -0.201226
v -0.053148 0.657274 -0.201226
v -0.037963 0.657143 -0.201226
v -0.022778 0.657055 -0.201226
v -0.007593 0.657011 -0.201226
v 0.007593 0.657011 -0.201226
v 0.022778 0.657055 -0.201226
v 0.037963 0.657143 -0.201226
v 0.053148 0.657274 -0.201226
v 0.068333 0.657450 -0.201226
v 0.083519 0.657669 -0.201226
v 0.098704 0.657933 -0.201226
v 0.113889 0.658240 -0.201226
v 0.129074 0.658591 -0.201226
v 0.144259 0.658986 -0.201226
v 0.159444 0.659425 -0.201226
v 0.174630 0.659908 -0.201226
v 0.189815 0.660435 -0.201226
v 0.205000 0.661005 -0.201226
v -0.230000 0.952783 -0.212398
v -0.230000 0.955567 -0.192592
v -0.230000 0.988433 -0.217408
v -0.230000 0.991217 -0.197602
v 0.230000 0.952783 -0.212398
v 0.230000 0.955567 -0.192592
v 0.230000 0.988433 -0.217408
v 0.230000 0.991217 -0.197602
v -0.230000 0.637813 -0.211980
v -0.230000 0.640596 -0.192175
v -0.230000 0.679404 -0.217825
v -0.230000 0.682187 -0.198020
v 0.230000 0.637813 -0.211980
v 0.230000 0.640596 -0.192175
v 0.230000 0.679404 -0.217825
v 0.230000 0.682187 -0.198020
v -0.230000 0.640311 -0.190547
v -0.230000 0.643095 -0.170742
v -0.230000 0.986905 -0.239258
v -0.230000 0.989689 -0.219453
v -0.196000 0.640311 -0.190547
v -0.196000 0.643095 -0.170742
v -0.196000 0.986905 -0.239258
v -0.196000 0.989689 -0.219453
v 0.196000 0.640311 -0.190547
v 0.196000 0.643095 -0.170742
v 0.196000 0.986905 -0.239258
v 0.196000 0.989689 -0.219453
v 0.230000 0.640311 -0.190547
v 0.230000 0.643095 -0.170742
v 0.230000 0.986905 -0.239258
v 0.230000 0.989689 -0.219453
v -0.187500 0.698845 -0.212521
v -0.187500 0.701350 -0.194696
v -0.187500 0.718650 -0.215304
v -0.187500 0.721155 -0.197479
v 0.187500 0.698845 -0.212521
v 0.187500 0.701350 -0.194696
v 0.187500 0.718650 -0.215304
v 0.187500 0.721155 -0.197479
v -0.187500 0.746845 -0.212521
v -0.187500 0.749350 -0.194696
v -0.187500 0.766650 -0.215304
v -0.187500 0.769155 -0.197479
v 0.187500 0.746845 -0.212521
v 0.187500 0.749350 -0.194696
v 0.187500 0.766650 -0.215304
v 0.187500 0.769155 -0.197479
v -0.187500 0.794845 -0.212521
v -0.187500 0.797350 -0.194696
v -0.187500 0.814650 -0.215304
v -0.187500 0.817155 -0.197479
v 0.187500 0.794845 -0.212521
v 0.187500 0.797350 -0.194696
v 0.187500 0.814650 -0.215304
v 0.187500 0.817155 -0.197479
v -0.187500 0.842845 -0.212521
v -0.187500 0.845350 -0.194696
v -0.187500 0.862650 -0.215304
v -0.187500 0.865155 -0.197479
v 0.187500 0.842845 -0.212521
v 0.187500 0.845350 -0.194696
v 0.187500 0.862650 -0.215304
v 0.187500 0.865155 -0.197479
v -0.187500 0.890845 -0.212521
v -0.187500 0.893350 -0.194696
v -0.187500 0.910650 -0.215304
v -0.187500 0.913155 -0.197479
v 0.187500 0.890845 -0.212521
v 0.187500 0.893350 -0.194696
v 0.187500 0.910650 -0.215304
v 0.187500 0.913155 -0.197479
v -0.187500 0.934845 -0.212521
v -0.187500 0.937350 -0.194696
v -0.187500 0.954650 -0.215304
v -0.187500 0.957155 -0.197479
v 0.187500 0.934845 -0.212521
v 0.187500 0.937350 -0.194696
v 0.187500 0.954650 -0.215304
v 0.187500 0.957155 -0.197479
v -0.205000 0.623998 -0.206336
v -0.205000 0.626781 -0.186530
v -0.205000 0.703219 -0.217470
v -0.205000 0.706002 -0.197664
v -0.155000 0.623998 -0.206336
v -0.155000 0.626781 -0.186530
v -0.155000 0.703219 -0.217470
v -0.155000 0.706002 -0.197664
v 0.155000 0.623998 -0.206336
v 0.155000 0.626781 -0.186530
v 0.155000 0.703219 -0.217470
v 0.155000 0.706002 -0.197664
v 0.205000 0.623998 -0.206336
v 0.205000 0.626781 -0.186530
v 0.205000 0.703219 -0.217470
v 0.205000 0.706002 -0.197664
vt 0.004049 0.004601
vt 0.040786 0.003943
vt 0.077523 0.003337
vt 0.114260 0.002781
vt 0.150997 0.002275
vt 0.187734 0.001820
vt 0.224471 0.001416
vt 0.261209 0.001062
vt 0.297946 0.000758
vt 0.334683 0.000506
vt 0.371420 0.000303
vt 0.408157 0.000152
vt 0.444894 0.000051
vt 0.481631 0.000000
vt 0.518369 0.000000
vt 0.555106 0.000051
vt 0.591843 0.000152
vt 0.628580 0.000303
vt 0.665317 0.000506
vt 0.702054 0.000758
vt 0.738791 0.001062
vt 0.775529 0.001416
vt 0.812266 0.001820
vt 0.849003 0.002275
vt 0.885740 0.002781
vt 0.922477 0.003337
vt 0.959214 0.003943
vt 0.995951 0.004601
vt 0.000000 0.058801
vt 0.037037 0.058144
vt 0.074074 0.057537
vt 0.111111 0.056981
vt 0.148148 0.056475
vt 0.185185 0.056020
vt 0.222222 0.055616
vt 0.259259 0.055262
vt 0.296296 0.054959
vt 0.333333 0.054706
vt 0.370370 0.054504
vt 0.407407 0.054352
vt 0.444444 0.054251
vt 0.481481 0.054200
vt 0.518519 0.054200
vt 0.555556 0.054251
vt 0.592593 0.054352
vt 0.629630 0.054504
vt 0.666667 0.054706
vt 0.703704 0.054959
vt 0.740741 0.055262
vt 0.777778 0.055616
vt 0.814815 0.056020
vt 0.851852 0.056475
vt 0.888889 0.056981
vt 0.925926 0.057537
vt 0.962963 0.058144
vt 1.000000 0.058801
vt 0.004049 0.131127
vt 0.040786 0.130470
vt 0.077523 0.129863
vt 0.114260 0.129307
vt 0.150997 0.128801
vt 0.187734 0.128346
vt 0.224471 0.127942
vt 0.261209 0.127588
vt 0.297946 0.127285
vt 0.334683 0.127032
vt 0.371420 0.126829
vt 0.408157 0.126678
vt 0.444894 0.126577
vt 0.481631 0.126526
vt 0.518369 0.126526
vt 0.555106 0.126577
vt 0.591843 0.126678
vt 0.628580 0.126829
vt 0.665317 0.127032
vt 0.702054 0.127285
vt 0.738791 0.127588
vt 0.775529 0.127942
vt 0.812266 0.128346
vt 0.849003 0.128801
vt 0.885740 0.129307
vt 0.922477 0.129863
vt 0.959214 0.130470
vt 0.995951 0.131127
vt 0.014170 0.205379
vt 0.050157 0.204721
vt 0.086145 0.204115
vt 0.122132 0.203559
vt 0.158120 0.203053
vt 0.194107 0.202598
vt 0.230094 0.202194
vt 0.266082 0.201840
vt 0.302069 0.201536
vt 0.338057 0.201284
vt 0.374044 0.201081
vt 0.410031 0.200930
vt 0.446019 0.200829
vt 0.482006 0.200778
vt 0.517994 0.200778
vt 0.553981 0.200829
vt 0.589969 0.200930
vt 0.625956 0.201081
vt 0.661943 0.201284
vt 0.697931 0.201536
vt 0.733918 0.201840
vt 0.769906 0.202194
vt 0.805893 0.202598
vt 0.841880 0.203053
vt 0.877868 0.203559
vt 0.913855 0.204115
vt 0.949843 0.204721
vt 0.985830 0.205379
vt 0.028340 0.273500
vt 0.063278 0.272842
vt 0.098216 0.272236
vt 0.133153 0.271680
vt 0.168091 0.271174
vt 0.203029 0.270719
vt 0.237967 0.270314
vt 0.272904 0.269961
vt 0.307842 0.269657
vt 0.342780 0.269404
vt 0.377718 0.269202
vt 0.412656 0.269051
vt 0.447593 0.268949
vt 0.482531 0.268899
vt 0.517469 0.268899
vt 0.552407 0.268949
vt 0.587344 0.269051
vt 0.622282 0.269202
vt 0.657220 0.269404
vt 0.692158 0.269657
vt 0.727096 0.269961
vt 0.762033 0.270314
vt 0.796971 0.270719
vt 0.831909 0.271174
vt 0.866847 0.271680
vt 0.901784 0.272236
vt 0.936722 0.272842
vt 0.971660 0.273500
vt 0.044534 0.338749
vt 0.078273 0.338092
vt 0.112011 0.337486
vt 0.145749 0.336929
vt 0.179487 0.336424
vt 0.213225 0.335969
vt 0.246964 0.335564
vt 0.280702 0.335210
vt 0.314440 0.334907
vt 0.348178 0.334654
vt 0.381916 0.334452
vt 0.415655 0.334300
vt 0.449393 0.334199
vt 0.483131 0.334149
vt 0.516869 0.334149
vt 0.550607 0.334199
vt 0.584345 0.334300
vt 0.618084 0.334452
vt 0.651822 0.334654
vt 0.685560 0.334907
vt 0.719298 0.335210
vt 0.753036 0.335564
vt 0.786775 0.335969
vt 0.820513 0.336424
vt 0.854251 0.336929
vt 0.887989 0.337486
vt 0.921727 0.338092
vt 0.955466 0.338749
vt 0.060729 0.408978
vt 0.093267 0.408321
vt 0.125806 0.407714
vt 0.158345 0.407158
vt 0.190883 0.406652
vt 0.223422 0.406197
vt 0.255960 0.405793
vt 0.288499 0.405439
vt 0.321038 0.405136
vt 0.353576 0.404883
vt 0.386115 0.404681
vt 0.418653 0.404529
vt 0.451192 0.404428
vt 0.483731 0.404377
vt 0.516269 0.404377
vt 0.548808 0.404428
vt 0.581347 0.404529
vt 0.613885 0.404681
vt 0.646424 0.404883
vt 0.678962 0.405136
vt 0.711501 0.405439
vt 0.744040 0.405793
vt 0.776578 0.406197
vt 0.809117 0.406652
vt 0.841655 0.407158
vt 0.874194 0.407714
vt 0.906733 0.408321
vt 0.939271 0.408978
vt 0.074899 0.481228
vt 0.106388 0.480571
vt 0.137877 0.479965
vt 0.169366 0.479408
vt 0.200855 0.478903
vt 0.232344 0.478448
vt 0.263833 0.478043
vt 0.295322 0.477689
vt 0.326811 0.477386
vt 0.358300 0.477133
vt 0.389789 0.476931
vt 0.421278 0.476779
vt 0.452767 0.476678
vt 0.484256 0.476628
vt 0.515744 0.476628
vt 0.547233 0.476678
vt 0.578722 0.476779
vt 0.610211 0.476931
vt 0.641700 0.477133
vt 0.673189 0.477386
vt 0.704678 0.477689
vt 0.736167 0.478043
vt 0.767656 0.478448
vt 0.799145 0.478903
vt 0.830634 0.479408
vt 0.862123 0.479965
vt 0.893612 0.480571
vt 0.925101 0.481228
vt 0.085020 0.557409
vt 0.115759 0.556752
vt 0.146499 0.556145
vt 0.177238 0.555589
vt 0.207977 0.555083
vt 0.238716 0.554628
vt 0.269456 0.554224
vt 0.300195 0.553870
vt 0.330934 0.553567
vt 0.361673 0.553314
vt 0.392413 0.553112
vt 0.423152 0.552960
vt 0.453891 0.552859
vt 0.484630 0.552808
vt 0.515370 0.552808
vt 0.546109 0.552859
vt 0.576848 0.552960
vt 0.607587 0.553112
vt 0.638327 0.553314
vt 0.669066 0.553567
vt 0.699805 0.553870
vt 0.730544 0.554224
vt 0.761284 0.554628
vt 0.792023 0.555083
vt 0.822762 0.555589
vt 0.853501 0.556145
vt 0.884241 0.556752
vt 0.914980 0.557409
vt 0.085020 0.604199
vt 0.115759 0.603542
vt 0.146499 0.602935
vt 0.177238 0.602379
vt 0.207977 0.601873
vt 0.238716 0.601418
vt 0.269456 0.601014
vt 0.300195 0.600660
vt 0.330934 0.600357
vt 0.361673 0.600104
vt 0.392413 0.599902
vt 0.423152 0.599750
vt 0.453891 0.599649
vt 0.484630 0.599598
vt 0.515370 0.599598
vt 0.546109 0.599649
vt 0.576848 0.599750
vt 0.607587 0.599902
vt 0.638327 0.600104
vt 0.669066 0.600357
vt 0.699805 0.600660
vt 0.730544 0.601014
vt 0.761284 0.601418
vt 0.792023 0.601873
vt 0.822762 0.602379
vt 0.853501 0.602935
vt 0.884241 0.603542
vt 0.914980 0.604199
vt 0.004049 0.023581
vt 0.040786 0.022924
vt 0.077523 0.022317
vt 0.114260 0.021761
vt 0.150997 0.021256
vt 0.187734 0.020801
vt 0.224471 0.020396
vt 0.261209 0.020042
vt 0.297946 0.019739
vt 0.334683 0.019486
vt 0.371420 0.019284
vt 0.408157 0.019132
vt 0.444894 0.019031
vt 0.481631 0.018981
vt 0.518369 0.018981
vt 0.555106 0.019031
vt 0.591843 0.019132
vt 0.628580 0.019284
vt 0.665317 0.019486
vt 0.702054 0.019739
vt 0.738791 0.020042
vt 0.775529 0.020396
vt 0.812266 0.020801
vt 0.849003 0.021256
vt 0.885740 0.021761
vt 0.922477 0.022317
vt 0.959214 0.022924
vt 0.995951 0.023581
vt 0.000000 0.078208
vt 0.037037 0.077551
vt 0.074074 0.076944
vt 0.111111 0.076388
vt 0.148148 0.075882
vt 0.185185 0.075427
vt 0.222222 0.075023
vt 0.259259 0.074669
vt 0.296296 0.074366
vt 0.333333 0.074113
vt 0.370370 0.073911
vt 0.407407 0.073759
vt 0.444444 0.073658
vt 0.481481 0.073607
vt 0.518519 0.073607
vt 0.555556 0.073658
vt 0.592593 0.073759
vt 0.629630 0.073911
vt 0.666667 0.074113
vt 0.703704 0.074366
vt 0.740741 0.074669
vt 0.777778 0.075023
vt 0.814815 0.075427
vt 0.851852 0.075882
vt 0.888889 0.076388
vt 0.925926 0.076944
vt 0.962963 0.077551
vt 1.000000 0.078208
vt 0.004049 0.151031
vt 0.040786 0.150374
vt 0.077523 0.149767
vt 0.114260 0.149211
vt 0.150997 0.148706
vt 0.187734 0.148251
vt 0.224471 0.147846
vt 0.261209 0.147492
vt 0.297946 0.147189
vt 0.334683 0.146936
vt 0.371420 0.146734
vt 0.408157 0.146582
vt 0.444894 0.146481
vt 0.481631 0.146431
vt 0.518369 0.146431
vt 0.555106 0.146481
vt 0.591843 0.146582
vt 0.628580 0.146734
vt 0.665317 0.146936
vt 0.702054 0.147189
vt 0.738791 0.147492
vt 0.775529 0.147846
vt 0.812266 0.148251
vt 0.849003 0.148706
vt 0.885740 0.149211
vt 0.922477 0.149767
vt 0.959214 0.150374
vt 0.995951 0.151031
vt 0.014170 0.225047
vt 0.050157 0.224390
vt 0.086145 0.223783
vt 0.122132 0.223227
vt 0.158120 0.222721
vt 0.194107 0.222266
vt 0.230094 0.221862
vt 0.266082 0.221508
vt 0.302069 0.221205
vt 0.338057 0.220952
vt 0.374044 0.220750
vt 0.410031 0.220598
vt 0.446019 0.220497
vt 0.482006 0.220446
vt 0.517994 0.220446
vt 0.553981 0.220497
vt 0.589969 0.220598
vt 0.625956 0.220750
vt 0.661943 0.220952
vt 0.697931 0.221205
vt 0.733918 0.221508
vt 0.769906 0.221862
vt 0.805893 0.222266
vt 0.841880 0.222721
vt 0.877868 0.223227
vt 0.913855 0.223783
vt 0.949843 0.224390
vt 0.985830 0.225047
vt 0.028340 0.291232
vt 0.063278 0.290575
vt 0.098216 0.289968
vt 0.133153 0.289412
vt 0.168091 0.288907
vt 0.203029 0.288452
vt 0.237967 0.288047
vt 0.272904 0.287693
vt 0.307842 0.287390
vt 0.342780 0.287137
vt 0.377718 0.286935
vt 0.412656 0.286783
vt 0.447593 0.286682
vt 0.482531 0.286631
vt 0.517469 0.286631
vt 0.552407 0.286682
vt 0.587344 0.286783
vt 0.622282 0.286935
vt 0.657220 0.287137
vt 0.692158 0.287390
vt 0.727096 0.287693
vt 0.762033 0.288047
vt 0.796971 0.288452
vt 0.831909 0.288907
vt 0.866847 0.289412
vt 0.901784 0.289968
vt 0.936722 0.290575
vt 0.971660 0.291232
vt 0.044534 0.350119
vt 0.078273 0.349462
vt 0.112011 0.348855
vt 0.145749 0.348299
vt 0.179487 0.347793
vt 0.213225 0.347338
vt 0.246964 0.346934
vt 0.280702 0.346580
vt 0.314440 0.346277
vt 0.348178 0.346024
vt 0.381916 0.345822
vt 0.415655 0.345670
vt 0.449393 0.345569
vt 0.483131 0.345518
vt 0.516869 0.345518
vt 0.550607 0.345569
vt 0.584345 0.345670
vt 0.618084 0.345822
vt 0.651822 0.346024
vt 0.685560 0.346277
vt 0.719298 0.346580
vt 0.753036 0.346934
vt 0.786775 0.347338
vt 0.820513 0.347793
vt 0.854251 0.348299
vt 0.887989 0.348855
vt 0.921727 0.349462
vt 0.955466 0.350119
vt 0.060729 0.409983
vt 0.093267 0.409326
vt 0.125806 0.408719
vt 0.158345 0.408163
vt 0.190883 0.407657
vt 0.223422 0.407202
vt 0.255960 0.406798
vt 0.288499 0.406444
vt 0.321038 0.406141
vt 0.353576 0.405888
vt 0.386115 0.405686
vt 0.418653 0.405534
vt 0.451192 0.405433
vt 0.483731 0.405382
vt 0.516269 0.405382
vt 0.548808 0.405433
vt 0.581347 0.405534
vt 0.613885 0.405686
vt 0.646424 0.405888
vt 0.678962 0.406141
vt 0.711501 0.406444
vt 0.744040 0.406798
vt 0.776578 0.407202
vt 0.809117 0.407657
vt 0.841655 0.408163
vt 0.874194 0.408719
vt 0.906733 0.409326
vt 0.939271 0.409983
vt 0.074899 0.475381
vt 0.106388 0.474724
vt 0.137877 0.474117
vt 0.169366 0.473561
vt 0.200855 0.473056
vt 0.232344 0.472601
vt 0.263833 0.472196
vt 0.295322 0.471842
vt 0.326811 0.471539
vt 0.358300 0.471286
vt 0.389789 0.471084
vt 0.421278 0.470932
vt 0.452767 0.470831
vt 0.484256 0.470781
vt 0.515744 0.470781
vt 0.547233 0.470831
vt 0.578722 0.470932
vt 0.610211 0.471084
vt 0.641700 0.471286
vt 0.673189 0.471539
vt 0.704678 0.471842
vt 0.736167 0.472196
vt 0.767656 0.472601
vt 0.799145 0.473056
vt 0.830634 0.473561
vt 0.862123 0.474117
vt 0.893612 0.474724
vt 0.925101 0.475381
vt 0.085020 0.549070
vt 0.115759 0.548412
vt 0.146499 0.547806
vt 0.177238 0.547250
vt 0.207977 0.546744
vt 0.238716 0.546289
vt 0.269456 0.545885
vt 0.300195 0.545531
vt 0.330934 0.545227
vt 0.361673 0.544974
vt 0.392413 0.544772
vt 0.423152 0.544621
vt 0.453891 0.544519
vt 0.484630 0.544469
vt 0.515370 0.544469
vt 0.546109 0.544519
vt 0.576848 0.544621
vt 0.607587 0.544772
vt 0.638327 0.544974
vt 0.669066 0.545227
vt 0.699805 0.545531
vt 0.730544 0.545885
vt 0.761284 0.546289
vt 0.792023 0.546744
vt 0.822762 0.547250
vt 0.853501 0.547806
vt 0.884241 0.548412
vt 0.914980 0.549070
vt 0.085020 0.595263
vt 0.115759 0.594606
vt 0.146499 0.593999
vt 0.177238 0.593443
vt 0.207977 0.592937
vt 0.238716 0.592482
vt 0.269456 0.592078
vt 0.300195 0.591724
vt 0.330934 0.591420
vt 0.361673 0.591168
vt 0.392413 0.590965
vt 0.423152 0.590814
vt 0.453891 0.590713
vt 0.484630 0.590662
vt 0.515370 0.590662
vt 0.546109 0.590713
vt 0.576848 0.590814
vt 0.607587 0.590965
vt 0.638327 0.591168
vt 0.669066 0.591420
vt 0.699805 0.591724
vt 0.730544 0.592078
vt 0.761284 0.592482
vt 0.792023 0.592937
vt 0.822762 0.593443
vt 0.853501 0.593999
vt 0.884241 0.594606
vt 0.914980 0.595263
vt 0.034413 0.939950
vt 0.034413 0.927856
vt 0.034413 0.984880
vt 0.034413 0.972786
vt 0.965587 0.939950
vt 0.965587 0.927856
vt 0.965587 0.984880
vt 0.965587 0.972786
vt 0.034413 0.576858
vt 0.034413 0.564764
vt 0.034413 0.629276
vt 0.034413 0.617182
vt 0.965587 0.576858
vt 0.965587 0.564764
vt 0.965587 0.629276
vt 0.965587 0.617182
vt 0.034413 0.563179
vt 0.034413 0.551084
vt 0.034413 1.000000
vt 0.034413 0.987906
vt 0.103239 0.563179
vt 0.103239 0.551084
vt 0.103239 1.000000
vt 0.103239 0.987906
vt 0.896761 0.563179
vt 0.896761 0.551084
vt 0.896761 1.000000
vt 0.896761 0.987906
vt 0.965587 0.563179
vt 0.965587 0.551084
vt 0.965587 1.000000
vt 0.965587 0.987906
vt 0.120445 0.647570
vt 0.120445 0.636685
vt 0.120445 0.672531
vt 0.120445 0.661646
vt 0.879555 0.647570
vt 0.879555 0.636685
vt 0.879555 0.672531
vt 0.879555 0.661646
vt 0.120445 0.702854
vt 0.120445 0.691969
vt 0.120445 0.727815
vt 0.120445 0.716930
vt 0.879555 0.702854
vt 0.879555 0.691969
vt 0.879555 0.727815
vt 0.879555 0.716930
vt 0.120445 0.758138
vt 0.120445 0.747253
vt 0.120445 0.783099
vt 0.120445 0.772215
vt 0.879555 0.758138
vt 0.879555 0.747253
vt 0.879555 0.783099
vt 0.879555 0.772215
vt 0.120445 0.813422
vt 0.120445 0.802538
vt 0.120445 0.838384
vt 0.120445 0.827499
vt 0.879555 0.813422
vt 0.879555 0.802538
vt 0.879555 0.838384
vt 0.879555 0.827499
vt 0.120445 0.868707
vt 0.120445 0.857822
vt 0.120445 0.893668
vt 0.120445 0.882783
vt 0.879555 0.868707
vt 0.879555 0.857822
vt 0.879555 0.893668
vt 0.879555 0.882783
vt 0.120445 0.919384
vt 0.120445 0.908499
vt 0.120445 0.944345
vt 0.120445 0.933461
vt 0.879555 0.919384
vt 0.879555 0.908499
vt 0.879555 0.944345
vt 0.879555 0.933461
vt 0.085020 0.556586
vt 0.085020 0.544492
vt 0.085020 0.656431
vt 0.085020 0.644337
vt 0.186235 0.556586
vt 0.186235 0.544492
vt 0.186235 0.656431
vt 0.186235 0.644337
vt 0.813765 0.556586
vt 0.813765 0.544492
vt 0.813765 0.656431
vt 0.813765 0.644337
vt 0.914980 0.556586
vt 0.914980 0.544492
vt 0.914980 0.656431
vt 0.914980 0.644337
vn 0.551921 -0.508224 -0.661129
vn -0.018735 -0.620714 -0.783813
vn -0.017236 -0.620703 -0.783856
vn -0.015737 -0.620693 -0.783896
vn -0.014238 -0.620684 -0.783932
vn -0.012739 -0.620676 -0.783964
vn -0.011240 -0.620669 -0.783992
vn -0.009741 -0.620663 -0.784017
vn -0.008243 -0.620657 -0.784039
vn -0.006744 -0.620653 -0.784056
vn -0.005246 -0.620650 -0.784070
vn -0.003747 -0.620648 -0.784080
vn -0.002248 -0.620647 -0.784087
vn -0.000750 -0.620647 -0.784090
vn 0.000749 -0.620648 -0.784089
vn 0.002247 -0.620650 -0.784085
vn 0.003746 -0.620653 -0.784077
vn 0.005244 -0.620657 -0.784065
vn 0.006743 -0.620662 -0.784049
vn 0.008242 -0.620668 -0.784030
vn 0.009740 -0.620675 -0.784008
vn 0.011239 -0.620683 -0.783981
vn 0.012738 -0.620692 -0.783951
vn 0.014237 -0.620702 -0.783917
vn 0.015736 -0.620713 -0.783880
vn 0.017235 -0.620725 -0.783839
vn 0.018734 -0.620738 -0.783794
vn -0.551915 -0.508247 -0.661117
vn 0.708151 -0.702659 -0.069224
vn -0.029886 -0.995218 -0.092994
vn -0.027497 -0.995284 -0.093023
vn -0.025108 -0.995345 -0.093050
vn -0.022718 -0.995400 -0.093074
vn -0.020327 -0.995450 -0.093096
vn -0.017937 -0.995494 -0.093116
vn -0.015546 -0.995532 -0.093134
vn -0.013155 -0.995565 -0.093149
vn -0.010763 -0.995593 -0.093163
vn -0.008372 -0.995615 -0.093174
vn -0.005980 -0.995631 -0.093182
vn -0.003588 -0.995642 -0.093189
vn -0.001196 -0.995647 -0.093193
vn 0.001196 -0.995647 -0.093195
vn 0.003588 -0.995641 -0.093195
vn 0.005980 -0.995630 -0.093193
vn 0.008371 -0.995613 -0.093188
vn 0.010763 -0.995591 -0.093181
vn 0.013154 -0.995563 -0.093172
vn 0.015545 -0.995530 -0.093161
vn 0.017936 -0.995491 -0.093148
vn 0.020327 -0.995446 -0.093132
vn 0.022717 -0.995396 -0.093114
vn 0.025107 -0.995341 -0.093094
vn 0.027497 -0.995280 -0.093071
vn 0.029886 -0.995213 -0.093047
vn -0.708149 -0.702658 -0.069262
vn 0.702212 -0.711844 -0.013302
vn -0.030190 -0.997832 -0.058487
vn -0.027777 -0.997911 -0.058322
vn -0.025364 -0.997984 -0.058172
vn -0.022949 -0.998051 -0.058035
vn -0.020535 -0.998110 -0.057912
vn -0.018120 -0.998164 -0.057803
vn -0.015704 -0.998210 -0.057708
vn -0.013289 -0.998250 -0.057627
vn -0.010873 -0.998283 -0.057559
vn -0.008457 -0.998309 -0.057505
vn -0.006040 -0.998329 -0.057465
vn -0.003624 -0.998342 -0.057438
vn -0.001207 -0.998349 -0.057426
vn 0.001209 -0.998349 -0.057427
vn 0.003626 -0.998342 -0.057442
vn 0.006042 -0.998329 -0.057471
vn 0.008459 -0.998309 -0.057514
vn 0.010875 -0.998282 -0.057570
vn 0.013291 -0.998249 -0.057641
vn 0.015707 -0.998209 -0.057725
vn 0.018122 -0.998162 -0.057822
vn 0.020537 -0.998109 -0.057934
vn 0.022952 -0.998049 -0.058059
vn 0.025366 -0.997983 -0.058199
vn 0.027780 -0.997910 -0.058352
vn 0.030193 -0.997830 -0.058518
vn -0.702232 -0.711823 -0.013322
vn 0.690225 -0.723592 -0.002040
vn -0.030779 -0.996518 -0.077494
vn -0.028319 -0.996615 -0.077180
vn -0.025859 -0.996704 -0.076892
vn -0.023398 -0.996785 -0.076631
vn -0.020936 -0.996858 -0.076396
vn -0.018474 -0.996922 -0.076187
vn -0.016012 -0.996979 -0.076004
vn -0.013549 -0.997027 -0.075848
vn -0.011085 -0.997068 -0.075718
vn -0.008622 -0.997100 -0.075614
vn -0.006158 -0.997124 -0.075537
vn -0.003694 -0.997140 -0.075485
vn -0.001230 -0.997148 -0.075460
vn 0.001234 -0.997148 -0.075462
vn 0.003698 -0.997140 -0.075490
vn 0.006162 -0.997123 -0.075543
vn 0.008626 -0.997099 -0.075624
vn 0.011090 -0.997067 -0.075730
vn 0.013553 -0.997026 -0.075863
vn 0.016016 -0.996977 -0.076022
vn 0.018479 -0.996921 -0.076208
vn 0.020941 -0.996856 -0.076419
vn 0.023402 -0.996783 -0.076657
vn 0.025864 -0.996702 -0.076921
vn 0.028324 -0.996612 -0.077212
vn 0.030784 -0.996515 -0.077528
vn -0.690267 -0.723552 -0.002053
vn 0.671496 -0.737948 -0.067280
vn -0.031114 -0.978071 -0.205932
vn -0.028629 -0.978245 -0.205468
vn -0.026144 -0.978404 -0.205041
vn -0.023657 -0.978548 -0.204654
vn -0.021170 -0.978678 -0.204305
vn -0.018681 -0.978794 -0.203995
vn -0.016192 -0.978895 -0.203724
vn -0.013701 -0.978981 -0.203491
vn -0.011210 -0.979053 -0.203298
vn -0.008719 -0.979110 -0.203144
vn -0.006227 -0.979153 -0.203028
vn -0.003735 -0.979182 -0.202951
vn -0.001243 -0.979196 -0.202914
vn 0.001249 -0.979196 -0.202915
vn 0.003742 -0.979181 -0.202955
vn 0.006234 -0.979152 -0.203034
vn 0.008726 -0.979108 -0.203153
vn 0.011217 -0.979050 -0.203310
vn 0.013708 -0.978978 -0.203506
vn 0.016198 -0.978891 -0.203741
vn 0.018688 -0.978790 -0.204014
vn 0.021177 -0.978674 -0.204327
vn 0.023664 -0.978543 -0.204678
vn 0.026151 -0.978398 -0.205069
vn 0.028637 -0.978239 -0.205497
vn 0.031121 -0.978064 -0.205965
vn -0.671568 -0.737883 -0.067271
vn 0.638287 -0.714856 -0.285605
vn -0.028352 -0.861757 -0.506529
vn -0.026094 -0.862093 -0.506077
vn -0.023833 -0.862402 -0.505662
vn -0.021570 -0.862683 -0.505285
vn -0.019305 -0.862936 -0.504945
vn -0.017038 -0.863160 -0.504642
vn -0.014769 -0.863357 -0.504377
vn -0.012499 -0.863526 -0.504150
vn -0.010227 -0.863666 -0.503960
vn -0.007955 -0.863779 -0.503808
vn -0.005681 -0.863863 -0.503694
vn -0.003408 -0.863920 -0.503618
vn -0.001133 -0.863948 -0.503580
vn 0.001141 -0.863948 -0.503579
vn 0.003415 -0.863921 -0.503617
vn 0.005689 -0.863865 -0.503692
vn 0.007962 -0.863781 -0.503805
vn 0.010235 -0.863669 -0.503956
vn 0.012506 -0.863529 -0.504144
vn 0.014776 -0.863361 -0.504371
vn 0.017045 -0.863165 -0.504635
vn 0.019312 -0.862941 -0.504936
vn 0.021578 -0.862688 -0.505275
vn 0.023841 -0.862408 -0.505652
vn 0.026101 -0.862100 -0.506065
vn 0.028360 -0.861764 -0.506516
vn -0.638388 -0.714799 -0.285523
vn 0.647242 -0.535151 -0.542855
vn -0.020182 -0.592464 -0.805344
vn -0.018578 -0.592817 -0.805123
vn -0.016971 -0.593141 -0.804920
vn -0.015362 -0.593436 -0.804734
vn -0.013751 -0.593702 -0.804567
vn -0.012138 -0.593939 -0.804419
vn -0.010522 -0.594146 -0.804288
vn -0.008906 -0.594324 -0.804176
vn -0.007288 -0.594473 -0.804082
vn -0.005669 -0.594593 -0.804007
vn -0.004049 -0.594683 -0.803950
vn -0.002429 -0.594743 -0.803912
vn -0.000808 -0.594774 -0.803892
vn 0.000813 -0.594776 -0.803891
vn 0.002434 -0.594748 -0.803908
vn 0.004054 -0.594691 -0.803944
vn 0.005674 -0.594604 -0.803998
vn 0.007293 -0.594488 -0.804071
vn 0.008911 -0.594343 -0.804162
vn 0.010528 -0.594168 -0.804272
vn 0.012143 -0.593964 -0.804400
vn 0.013756 -0.593731 -0.804546
vn 0.015367 -0.593468 -0.804711
vn 0.016976 -0.593176 -0.804894
vn 0.018583 -0.592856 -0.805094
vn 0.020186 -0.592506 -0.805313
vn -0.647309 -0.535162 -0.542765
vn 0.670747 -0.333768 -0.662343
vn -0.012411 -0.352631 -0.935680
vn -0.011424 -0.352826 -0.935619
vn -0.010436 -0.353005 -0.935563
vn -0.009446 -0.353168 -0.935512
vn -0.008455 -0.353315 -0.935466
vn -0.007463 -0.353446 -0.935425
vn -0.006470 -0.353561 -0.935389
vn -0.005476 -0.353660 -0.935358
vn -0.004481 -0.353743 -0.935332
vn -0.003485 -0.353809 -0.935311
vn -0.002490 -0.353859 -0.935295
vn -0.001493 -0.353893 -0.935285
vn -0.000497 -0.353911 -0.935279
vn 0.000500 -0.353912 -0.935279
vn 0.001496 -0.353897 -0.935283
vn 0.002492 -0.353866 -0.935293
vn 0.003488 -0.353819 -0.935308
vn 0.004484 -0.353755 -0.935327
vn 0.005478 -0.353675 -0.935352
vn 0.006472 -0.353579 -0.935382
vn 0.007466 -0.353467 -0.935417
vn 0.008458 -0.353339 -0.935457
vn 0.009449 -0.353194 -0.935502
vn 0.010438 -0.353034 -0.935552
vn 0.011427 -0.352857 -0.935607
vn 0.012414 -0.352665 -0.935667
vn -0.670775 -0.333791 -0.662303
vn 0.688335 -0.205247 -0.695751
vn -0.008761 -0.242974 -0.969993
vn -0.008062 -0.243033 -0.969984
vn -0.007362 -0.243087 -0.969977
vn -0.006663 -0.243136 -0.969969
vn -0.005962 -0.243180 -0.969963
vn -0.005262 -0.243220 -0.969957
vn -0.004561 -0.243255 -0.969952
vn -0.003859 -0.243285 -0.969947
vn -0.003158 -0.243310 -0.969943
vn -0.002456 -0.243330 -0.969940
vn -0.001755 -0.243346 -0.969938
vn -0.001053 -0.243356 -0.969936
vn -0.000351 -0.243362 -0.969935
vn 0.000351 -0.243363 -0.969935
vn 0.001053 -0.243359 -0.969936
vn 0.001755 -0.243350 -0.969937
vn 0.002457 -0.243337 -0.969939
vn 0.003159 -0.243319 -0.969941
vn 0.003860 -0.243295 -0.969945
vn 0.004562 -0.243267 -0.969949
vn 0.005263 -0.243235 -0.969953
vn 0.005963 -0.243197 -0.969959
vn 0.006664 -0.243155 -0.969965
vn 0.007364 -0.243108 -0.969971
vn 0.008063 -0.243056 -0.969979
vn 0.008762 -0.242999 -0.969987
vn -0.688342 -0.205264 -0.695739
vn 0.563177 -0.705972 -0.429459
vn -0.030571 -0.846067 -0.532200
vn -0.028129 -0.846151 -0.532200
vn -0.025685 -0.846229 -0.532200
vn -0.023241 -0.846300 -0.532200
vn -0.020796 -0.846363 -0.532200
vn -0.018351 -0.846420 -0.532200
vn -0.015905 -0.846469 -0.532200
vn -0.013459 -0.846511 -0.532200
vn -0.011012 -0.846547 -0.532201
vn -0.008565 -0.846575 -0.532201
vn -0.006118 -0.846596 -0.532201
vn -0.003671 -0.846610 -0.532201
vn -0.001224 -0.846617 -0.532201
vn 0.001224 -0.846617 -0.532201
vn 0.003671 -0.846610 -0.532201
vn 0.006118 -0.846596 -0.532201
vn 0.008565 -0.846575 -0.532201
vn 0.011012 -0.846547 -0.532201
vn 0.013459 -0.846511 -0.532200
vn 0.015905 -0.846469 -0.532200
vn 0.018351 -0.846420 -0.532200
vn 0.020796 -0.846363 -0.532200
vn 0.023241 -0.846300 -0.532200
vn 0.025685 -0.846229 -0.532200
vn 0.028129 -0.846151 -0.532200
vn 0.030571 -0.846067 -0.532200
vn -0.563177 -0.705972 -0.429459
vn 0.583509 0.639062 -0.501116
vn 0.023653 0.783370 -0.621105
vn 0.021763 0.783468 -0.621051
vn 0.019873 0.783557 -0.621002
vn 0.017982 0.783638 -0.620957
vn 0.016091 0.783711 -0.620917
vn 0.014199 0.783776 -0.620881
vn 0.012307 0.783833 -0.620850
vn 0.010414 0.783881 -0.620823
vn 0.008521 0.783922 -0.620801
vn 0.006628 0.783954 -0.620784
vn 0.004735 0.783977 -0.620771
vn 0.002841 0.783993 -0.620763
vn 0.000947 0.784001 -0.620759
vn -0.000946 0.784000 -0.620760
vn -0.002840 0.783991 -0.620766
vn -0.004733 0.783974 -0.620776
vn -0.006627 0.783948 -0.620791
vn -0.008520 0.783915 -0.620810
vn -0.010413 0.783873 -0.620834
vn -0.012306 0.783823 -0.620862
vn -0.014198 0.783765 -0.620895
vn -0.016090 0.783699 -0.620932
vn -0.017981 0.783624 -0.620975
vn -0.019872 0.783542 -0.621021
vn -0.021762 0.783451 -0.621072
vn -0.023651 0.783352 -0.621128
vn -0.583515 0.639042 -0.501134
vn 0.719244 0.692059 0.061169
vn 0.029886 0.995222 0.092952
vn 0.027497 0.995288 0.092981
vn 0.025108 0.995349 0.093007
vn 0.022718 0.995404 0.093032
vn 0.020327 0.995454 0.093054
vn 0.017937 0.995498 0.093073
vn 0.015546 0.995536 0.093091
vn 0.013155 0.995569 0.093106
vn 0.010763 0.995597 0.093119
vn 0.008372 0.995619 0.093130
vn 0.005980 0.995635 0.093139
vn 0.003588 0.995646 0.093145
vn 0.001196 0.995651 0.093150
vn -0.001196 0.995651 0.093152
vn -0.003588 0.995645 0.093152
vn -0.005980 0.995634 0.093149
vn -0.008371 0.995617 0.093145
vn -0.010763 0.995595 0.093138
vn -0.013154 0.995567 0.093129
vn -0.015545 0.995534 0.093118
vn -0.017936 0.995495 0.093104
vn -0.020327 0.995450 0.093089
vn -0.022717 0.995400 0.093071
vn -0.025107 0.995345 0.093051
vn -0.027497 0.995284 0.093029
vn -0.029886 0.995217 0.093004
vn -0.719247 0.692054 0.061205
vn 0.718311 0.692347 0.068439
vn 0.030191 0.997833 0.058464
vn 0.027777 0.997913 0.058300
vn 0.025364 0.997986 0.058150
vn 0.022950 0.998052 0.058013
vn 0.020535 0.998112 0.057890
vn 0.018120 0.998165 0.057781
vn 0.015705 0.998211 0.057686
vn 0.013289 0.998251 0.057604
vn 0.010873 0.998284 0.057537
vn 0.008457 0.998311 0.057483
vn 0.006040 0.998331 0.057443
vn 0.003624 0.998344 0.057416
vn 0.001207 0.998350 0.057404
vn -0.001209 0.998350 0.057405
vn -0.003626 0.998344 0.057420
vn -0.006042 0.998330 0.057449
vn -0.008459 0.998310 0.057492
vn -0.010875 0.998283 0.057548
vn -0.013291 0.998250 0.057618
vn -0.015707 0.998210 0.057703
vn -0.018122 0.998164 0.057800
vn -0.020537 0.998110 0.057912
vn -0.022952 0.998051 0.058038
vn -0.025366 0.997984 0.058177
vn -0.027780 0.997911 0.058330
vn -0.030193 0.997831 0.058496
vn -0.718291 0.692367 0.068460
vn 0.726754 0.678890 0.104576
vn 0.030781 0.996544 0.077152
vn 0.028321 0.996642 0.076832
vn 0.025861 0.996731 0.076539
vn 0.023400 0.996812 0.076272
vn 0.020938 0.996885 0.076033
vn 0.018476 0.996950 0.075820
vn 0.016013 0.997007 0.075634
vn 0.013550 0.997056 0.075474
vn 0.011086 0.997096 0.075342
vn 0.008622 0.997128 0.075236
vn 0.006158 0.997153 0.075157
vn 0.003694 0.997169 0.075105
vn 0.001230 0.997177 0.075080
vn -0.001234 0.997177 0.075081
vn -0.003699 0.997168 0.075109
vn -0.006163 0.997152 0.075164
vn -0.008627 0.997128 0.075246
vn -0.011091 0.997095 0.075355
vn -0.013554 0.997054 0.075490
vn -0.016017 0.997006 0.075653
vn -0.018480 0.996949 0.075842
vn -0.020943 0.996883 0.076058
vn -0.023404 0.996810 0.076300
vn -0.025866 0.996729 0.076569
vn -0.028326 0.996639 0.076865
vn -0.030786 0.996541 0.077188
vn -0.726718 0.678926 0.104596
vn 0.738360 0.638942 0.215821
vn 0.031137 0.978589 0.203457
vn 0.028651 0.978768 0.202957
vn 0.026164 0.978933 0.202498
vn 0.023676 0.979083 0.202081
vn 0.021186 0.979217 0.201705
vn 0.018696 0.979336 0.201372
vn 0.016204 0.979441 0.201080
vn 0.013712 0.979530 0.200830
vn 0.011219 0.979605 0.200622
vn 0.008726 0.979664 0.200455
vn 0.006232 0.979708 0.200331
vn 0.003738 0.979738 0.200249
vn 0.001244 0.979753 0.200208
vn -0.001251 0.979752 0.200210
vn -0.003745 0.979737 0.200254
vn -0.006239 0.979707 0.200339
vn -0.008733 0.979662 0.200467
vn -0.011226 0.979601 0.200636
vn -0.013719 0.979526 0.200848
vn -0.016212 0.979436 0.201101
vn -0.018703 0.979331 0.201396
vn -0.021194 0.979211 0.201733
vn -0.023684 0.979076 0.202112
vn -0.026172 0.978926 0.202532
vn -0.028660 0.978760 0.202994
vn -0.031146 0.978580 0.203498
vn -0.738312 0.638991 0.215839
vn 0.760625 0.498055 0.416403
vn 0.028343 0.861397 0.507141
vn 0.026087 0.861772 0.506624
vn 0.023828 0.862116 0.506150
vn 0.021566 0.862429 0.505719
vn 0.019302 0.862710 0.505330
vn 0.017036 0.862961 0.504984
vn 0.014767 0.863180 0.504681
vn 0.012498 0.863367 0.504421
vn 0.010226 0.863524 0.504204
vn 0.007954 0.863649 0.504031
vn 0.005681 0.863743 0.503901
vn 0.003407 0.863806 0.503814
vn 0.001133 0.863837 0.503770
vn -0.001141 0.863837 0.503770
vn -0.003415 0.863806 0.503812
vn -0.005689 0.863744 0.503899
vn -0.007962 0.863650 0.504028
vn -0.010235 0.863526 0.504201
vn -0.012506 0.863370 0.504417
vn -0.014776 0.863182 0.504676
vn -0.017044 0.862964 0.504978
vn -0.019310 0.862714 0.505324
vn -0.021575 0.862433 0.505712
vn -0.023837 0.862120 0.506142
vn -0.026096 0.861777 0.506616
vn -0.028352 0.861402 0.507131
vn -0.760590 0.498113 0.416397
vn 0.740640 0.308150 0.597073
vn 0.020037 0.588506 0.808244
vn 0.018446 0.588908 0.807990
vn 0.016852 0.589276 0.807756
vn 0.015255 0.589611 0.807543
vn 0.013656 0.589913 0.807351
vn 0.012054 0.590182 0.807180
vn 0.010451 0.590418 0.807030
vn 0.008846 0.590621 0.806901
vn 0.007239 0.590790 0.806793
vn 0.005631 0.590926 0.806706
vn 0.004022 0.591028 0.806641
vn 0.002412 0.591097 0.806597
vn 0.000802 0.591132 0.806574
vn -0.000808 0.591134 0.806573
vn -0.002418 0.591103 0.806593
vn -0.004028 0.591038 0.806634
vn -0.005637 0.590940 0.806696
vn -0.007245 0.590808 0.806780
vn -0.008851 0.590643 0.806885
vn -0.010456 0.590444 0.807011
vn -0.012060 0.590212 0.807158
vn -0.013661 0.589947 0.807326
vn -0.015260 0.589649 0.807515
vn -0.016857 0.589318 0.807725
vn -0.018451 0.588954 0.807956
vn -0.020041 0.588556 0.808208
vn -0.740611 0.308226 0.597070
vn 0.720747 0.169126 0.672250
vn 0.012322 0.350212 0.936589
vn 0.011343 0.350422 0.936523
vn 0.010362 0.350615 0.936462
vn 0.009379 0.350790 0.936407
vn 0.008396 0.350948 0.936357
vn 0.007411 0.351089 0.936313
vn 0.006425 0.351213 0.936274
vn 0.005438 0.351319 0.936240
vn 0.004450 0.351408 0.936212
vn 0.003461 0.351479 0.936189
vn 0.002472 0.351533 0.936172
vn 0.001483 0.351570 0.936161
vn 0.000493 0.351589 0.936155
vn -0.000496 0.351590 0.936154
vn -0.001486 0.351574 0.936159
vn -0.002475 0.351541 0.936169
vn -0.003464 0.351490 0.936185
vn -0.004453 0.351421 0.936207
vn -0.005440 0.351336 0.936234
vn -0.006427 0.351233 0.936266
vn -0.007413 0.351112 0.936304
vn -0.008398 0.350974 0.936347
vn -0.009382 0.350819 0.936396
vn -0.010364 0.350647 0.936450
vn -0.011345 0.350457 0.936510
vn -0.012324 0.350250 0.936575
vn -0.720728 0.169168 0.672259
vn 0.703749 0.142818 0.695946
vn 0.008736 0.242310 0.970160
vn 0.008039 0.242370 0.970151
vn 0.007342 0.242425 0.970142
vn 0.006644 0.242476 0.970135
vn 0.005946 0.242521 0.970128
vn 0.005247 0.242562 0.970122
vn 0.004548 0.242598 0.970116
vn 0.003849 0.242628 0.970112
vn 0.003149 0.242654 0.970108
vn 0.002450 0.242675 0.970105
vn 0.001750 0.242691 0.970102
vn 0.001050 0.242702 0.970100
vn 0.000350 0.242708 0.970099
vn -0.000350 0.242709 0.970099
vn -0.001050 0.242705 0.970100
vn -0.001750 0.242696 0.970101
vn -0.002450 0.242682 0.970103
vn -0.003150 0.242663 0.970105
vn -0.003850 0.242639 0.970109
vn -0.004549 0.242611 0.970113
vn -0.005248 0.242577 0.970118
vn -0.005947 0.242538 0.970124
vn -0.006645 0.242495 0.970130
vn -0.007343 0.242446 0.970137
vn -0.008041 0.242393 0.970145
vn -0.008738 0.242335 0.970153
vn -0.703743 0.142839 0.695947
vn 0.571962 -0.442326 0.690802
vn -0.019193 -0.531163 0.847052
vn -0.017659 -0.531216 0.847052
vn -0.016125 -0.531265 0.847052
vn -0.014591 -0.531309 0.847052
vn -0.013056 -0.531349 0.847052
vn -0.011521 -0.531385 0.847052
vn -0.009985 -0.531416 0.847052
vn -0.008449 -0.531442 0.847052
vn -0.006913 -0.531465 0.847052
vn -0.005377 -0.531482 0.847052
vn -0.003841 -0.531496 0.847052
vn -0.002305 -0.531505 0.847052
vn -0.000768 -0.531509 0.847052
vn 0.000768 -0.531509 0.847052
vn 0.002305 -0.531505 0.847052
vn 0.003841 -0.531496 0.847052
vn 0.005377 -0.531482 0.847052
vn 0.006913 -0.531465 0.847052
vn 0.008449 -0.531442 0.847052
vn 0.009985 -0.531416 0.847052
vn 0.011521 -0.531385 0.847052
vn 0.013056 -0.531349 0.847052
vn 0.014591 -0.531309 0.847052
vn 0.016125 -0.531265 0.847052
vn 0.017659 -0.531216 0.847052
vn 0.019193 -0.531163 0.847052
vn -0.571962 -0.442326 0.690802
vn -0.577350 -0.652083 -0.491380
vn -0.577350 -0.491380 0.652083
vn -0.577350 0.491380 -0.652083
vn -0.577350 0.652083 0.491380
vn 0.577350 -0.652083 -0.491380
vn 0.577350 -0.491380 0.652083
vn 0.577350 0.491380 -0.652083
vn 0.577350 0.652083 0.491380
vn -0.577350 -0.652083 -0.491380
vn -0.577350 -0.491380 0.652083
vn -0.577350 0.491380 -0.652083
vn -0.577350 0.652083 0.491380
vn 0.577350 -0.652083 -0.491380
vn 0.577350 -0.491380 0.652083
vn 0.577350 0.491380 -0.652083
vn 0.577350 0.652083 0.491380
vn -0.577350 -0.652083 -0.491380
vn -0.577350 -0.491380 0.652083
vn -0.577350 0.491380 -0.652083
vn -0.577350 0.652083 0.491380
vn 0.577350 -0.652083 -0.491380
vn 0.577350 -0.491380 0.652083
vn 0.577350 0.491380 -0.652083
vn 0.577350 0.652083 0.491380
vn -0.577350 -0.652083 -0.491380
vn -0.577350 -0.491380 0.652083
vn -0.577350 0.491380 -0.652083
vn -0.577350 0.652083 0.491380
vn 0.577350 -0.652083 -0.491380
vn 0.577350 -0.491380 0.652083
vn 0.577350 0.491380 -0.652083
vn 0.577350 0.652083 0.491380
vn -0.577350 -0.652083 -0.491380
vn -0.577350 -0.491380 0.652083
vn -0.577350 0.491380 -0.652083
vn -0.577350 0.652083 0.491380
vn 0.577350 -0.652083 -0.491380
vn 0.577350 -0.491380 0.652083
vn 0.577350 0.491380 -0.652083
vn 0.577350 0.652083 0.491380
vn -0.577350 -0.652083 -0.491380
vn -0.577350 -0.491380 0.652083
vn -0.577350 0.491380 -0.652083
vn -0.577350 0.652083 0.491380
vn 0.577350 -0.652083 -0.491380
vn 0.577350 -0.491380 0.652083
vn 0.577350 0.491380 -0.652083
vn 0.577350 0.652083 0.491380
vn -0.577350 -0.652083 -0.491380
vn -0.577350 -0.491380 0.652083
vn -0.577350 0.491380 -0.652083
vn -0.577350 0.652083 0.491380
vn 0.577350 -0.652083 -0.491380
vn 0.577350 -0.491380 0.652083
vn 0.577350 0.491380 -0.652083
vn 0.577350 0.652083 0.491380
vn -0.577350 -0.652083 -0.491380
vn -0.577350 -0.491380 0.652083
vn -0.577350 0.491380 -0.652083
vn -0.577350 0.652083 0.491380
vn 0.577350 -0.652083 -0.491380
vn 0.577350 -0.491380 0.652083
vn 0.577350 0.491380 -0.652083
vn 0.577350 0.652083 0.491380
vn -0.577350 -0.652083 -0.491380
vn -0.577350 -0.491380 0.652083
vn -0.577350 0.491380 -0.652083
vn -0.577350 0.652083 0.491380
vn 0.577350 -0.652083 -0.491380
vn 0.577350 -0.491380 0.652083
vn 0.577350 0.491380 -0.652083
vn 0.577350 0.652083 0.491380
vn -0.577350 -0.652083 -0.491380
vn -0.577350 -0.491380 0.652083
vn -0.577350 0.491380 -0.652083
vn -0.577350 0.652083 0.491380
vn 0.577350 -0.652083 -0.491380
vn 0.577350 -0.491380 0.652083
vn 0.577350 0.491380 -0.652083
vn 0.577350 0.652083 0.491380
vn -0.577350 -0.652083 -0.491380
vn -0.577350 -0.491380 0.652083
vn -0.577350 0.491380 -0.652083
vn -0.577350 0.652083 0.491380
vn 0.577350 -0.652083 -0.491380
vn 0.577350 -0.491380 0.652083
vn 0.577350 0.491380 -0.652083
vn 0.577350 0.652083 0.491380
vn -0.577350 -0.652083 -0.491380
vn -0.577350 -0.491380 0.652083
vn -0.577350 0.491380 -0.652083
vn -0.577350 0.652083 0.491380
vn 0.577350 -0.652083 -0.491380
vn 0.577350 -0.491380 0.652083
vn 0.577350 0.491380 -0.652083
vn 0.577350 0.652083 0.491380
f 1/1/1 29/29/29 30/30/30
f 1/1/1 30/30/30 2/2/2
f 2/2/2 30/30/30 31/31/31
f 2/2/2 31/31/31 3/3/3
f 3/3/3 31/31/31 32/32/32
f 3/3/3 32/32/32 4/4/4
f 4/4/4 32/32/32 33/33/33
f 4/4/4 33/33/33 5/5/5
f 5/5/5 33/33/33 34/34/34
f 5/5/5 34/34/34 6/6/6
f 6/6/6 34/34/34 35/35/35
f 6/6/6 35/35/35 7/7/7
f 7/7/7 35/35/35 36/36/36
f 7/7/7 36/36/36 8/8/8
f 8/8/8 36/36/36 37/37/37
f 8/8/8 37/37/37 9/9/9
f 9/9/9 37/37/37 38/38/38
f 9/9/9 38/38/38 10/10/10
f 10/10/10 38/38/38 39/39/39
f 10/10/10 39/39/39 11/11/11
f 11/11/11 39/39/39 40/40/40
f 11/11/11 40/40/40 12/12/12
f 12/12/12 40/40/40 41/41/41
f 12/12/12 41/41/41 13/13/13
f 13/13/13 41/41/41 42/42/42
f 13/13/13 42/42/42 14/14/14
f 14/14/14 42/42/42 43/43/43
f 14/14/14 43/43/43 15/15/15
f 15/15/15 43/43/43 44/44/44
f 15/15/15 44/44/44 16/16/16
f 16/16/16 44/44/44 45/45/45
f 16/16/16 45/45/45 17/17/17
f 17/17/17 45/45/45 46/46/46
f 17/17/17 46/46/46 18/18/18
f 18/18/18 46/46/46 47/47/47
f 18/18/18 47/47/47 19/19/19
f 19/19/19 47/47/47 48/48/48
f 19/19/19 48/48/48 20/20/20
f 20/20/20 48/48/48 49/49/49
f 20/20/20 49/49/49 21/21/21
f 21/21/21 49/49/49 50/50/50
f 21/21/21 50/50/50 22/22/22
f 22/22/22 50/50/50 51/51/51
f 22/22/22 51/51/51 23/23/23
f 23/23/23 51/51/51 52/52/52
f 23/23/23 52/52/52 24/24/24
f 24/24/24 52/52/52 53/53/53
f 24/24/24 53/53/53 25/25/25
f 25/25/25 53/53/53 54/54/54
f 25/25/25 54/54/54 26/26/26
f 26/26/26 54/54/54 55/55/55
f 26/26/26 55/55/55 27/27/27
f 27/27/27 55/55/55 56/56/56
f 27/27/27 56/56/56 28/28/28
f 29/29/29 57/57/57 58/58/58
f 29/29/29 58/58/58 30/30/30
f 30/30/30 58/58/58 59/59/59
f 30/30/30 59/59/59 31/31/31
f 31/31/31 59/59/59 60/60/60
f 31/31/31 60/60/60 32/32/32
f 32/32/32 60/60/60 61/61/61
f 32/32/32 61/61/61 33/33/33
f 33/33/33 61/61/61 62/62/62
f 33/33/33 62/62/62 34/34/34
f 34/34/34 62/62/62 63/63/63
f 34/34/34 63/63/63 35/35/35
f 35/35/35 63/63/63 64/64/64
f 35/35/35 64/64/64 36/36/36
f 36/36/36 64/64/64 65/65/65
f 36/36/36 65/65/65 37/37/37
f 37/37/37 65/65/65 66/66/66
f 37/37/37 66/66/66 38/38/38
f 38/38/38 66/66/66 67/67/67
f 38/38/38 67/67/67 39/39/39
f 39/39/39 67/67/67 68/68/68
f 39/39/39 68/68/68 40/40/40
f 40/40/40 68/68/68 69/69/69
f 40/40/40 69/69/69 41/41/41
f 41/41/41 69/69/69 70/70/70
f 41/41/41 70/70/70 42/42/42
f 42/42/42 70/70/70 71/71/71
f 42/42/42 71/71/71 43/43/43
f 43/43/43 71/71/71 72/72/72
f 43/43/43 72/72/72 44/44/44
f 44/44/44 72/72/72 73/73/73
f 44/44/44 73/73/73 45/45/45
f 45/45/45 73/73/73 74/74/74
f 45/45/45 74/74/74 46/46/46
f 46/46/46 74/74/74 75/75/75
f 46/46/46 75/75/75 47/47/47
f 47/47/47 75/75/75 76/76/76
f 47/47/47 76/76/76 48/48/48
f 48/48/48 76/76/76 77/77/77
f 48/48/48 77/77/77 49/49/49
f 49/49/49 77/77/77 78/78/78
f 49/49/49 78/78/78 50/50/50
f 50/50/50 78/78/78 79/79/79
f 50/50/50 79/79/79 51/51/51
f 51/51/51 79/79/79 80/80/80
f 51/51/51 80/80/80 52/52/52
f 52/52/52 80/80/80 81/81/81
f 52/52/52 81/81/81 53/53/53
f 53/53/53 81/81/81 82/82/82
f 53/53/53 82/82/82 54/54/54
f 54/54/54 82/82/82 83/83/83
f 54/54/54 83/83/83 55/55/55
f 55/55/55 83/83/83 84/84/84
f 55/55/55 84/84/84 56/56/56
f 57/57/57 85/85/85 86/86/86
f 57/57/57 86/86/86 58/58/58
f 58/58/58 86/86/86 87/87/87
f 58/58/58 87/87/87 59/59/59
f 59/59/59 87/87/87 88/88/88
f 59/59/59 88/88/88 60/60/60
f 60/60/60 88/88/88 89/89/89
f 60/60/60 89/89/89 61/61/61
f 61/61/61 89/89/89 90/90/90
f 61/61/61 90/90/90 62/62/62
f 62/62/62 90/90/90 91/91/91
f 62/62/62 91/91/91 63/63/63
f 63/63/63 91/91/91 92/92/92
f 63/63/63 92/92/92 64/64/64
f 64/64/64 92/92/92 93/93/93
f 64/64/64 93/93/93 65/65/65
f 65/65/65 93/93/93 94/94/94
f 65/65/65 94/94/94 66/66/66
f 66/66/66 94/94/94 95/95/95
f 66/66/66 95/95/95 67/67/67
f 67/67/67 95/95/95 96/96/96
f 67/67/67 96/96/96 68/68/68
f 68/68/68 96/96/96 97/97/97
f 68/68/68 97/97/97 69/69/69
f 69/69/69 97/97/97 98/98/98
f 69/69/69 98/98/98 70/70/70
f 70/70/70 98/98/98 99/99/99
f 70/70/70 99/99/99 71/71/71
f 71/71/71 99/99/99 100/100/100
f 71/71/71 100/100/100 72/72/72
f 72/72/72 100/100/100 101/101/101
f 72/72/72 101/101/101 73/73/73
f 73/73/73 101/101/101 102/102/102
f 73/73/73 102/102/102 74/74/74
f 74/74/74 102/102/102 103/103/103
f 74/74/74 103/103/103 75/75/75
f 75/75/75 103/103/103 104/104/104
f 75/75/75 104/104/104 76/76/76
f 76/76/76 104/104/104 105/105/105
f 76/76/76 105/105/105 77/77/77
f 77/77/77 105/105/105 106/106/106
f 77/77/77 106/106/106 78/78/78
f 78/78/78 106/106/106 107/107/107
f 78/78/78 107/107/107 79/79/79
f 79/79/79 107/107/107 108/108/108
f 79/79/79 108/108/108 80/80/80
f 80/80/80 108/108/108 109/109/109
f 80/80/80 109/109/109 81/81/81
f 81/81/81 109/109/109 110/110/110
f 81/81/81 110/110/110 82/82/82
f 82/82/82 110/110/110 111/111/111
f 82/82/82 111/111/111 83/83/83
f 83/83/83 111/111/111 112/112/112
f 83/83/83 112/112/112 84/84/84
f 85/85/85 113/113/113 114/114/114
f 85/85/85 114/114/114 86/86/86
f 86/86/86 114/114/114 115/115/115
f 86/86/86 115/115/115 87/87/87
f 87/87/87 115/115/115 116/116/116
f 87/87/87 116/116/116 88/88/88
f 88/88/88 116/116/116 117/117/117
f 88/88/88 117/117/117 89/89/89
f 89/89/89 117/117/117 118/118/118
f 89/89/89 118/118/118 90/90/90
f 90/90/90 118/118/118 119/119/119
f 90/90/90 119/119/119 91/91/91
f 91/91/91 119/119/119 120/120/120
f 91/91/91 120/120/120 92/92/92
f 92/92/92 120/120/120 121/121/121
f 92/92/92 121/121/121 93/93/93
f 93/93/93 121/121/121 122/122/122
f 93/93/93 122/122/122 94/94/94
f 94/94/94 122/122/122 123/123/123
f 94/94/94 123/123/123 95/95/95
f 95/95/95 123/123/123 124/124/124
f 95/95/95 124/124/124 96/96/96
f 96/96/96 124/124/124 125/125/125
f 96/96/96 125/125/125 97/97/97
f 97/97/97 125/125/125 126/126/126
f 97/97/97 126/126/126 98/98/98
f 98/98/98 126/126/126 127/127/127
f 98/98/98 127/127/127 99/99/99
f 99/99/99 127/127/127 128/128/128
f 99/99/99 128/128/128 100/100/100
f 100/100/100 128/128/128 129/129/129
f 100/100/100 129/129/129 101/101/101
f 101/101/101 129/129/129 130/130/130
f 101/101/101 130/130/130 102/102/102
f 102/102/102 130/130/130 131/131/131
f 102/102/102 131/131/131 103/103/103
f 103/103/103 131/131/131 132/132/132
f 103/103/103 132/132/132 104/104/104
f 104/104/104 132/132/132 133/133/133
f 104/104/104 133/133/133 105/105/105
f 105/105/105 133/133/133 134/134/134
f 105/105/105 134/134/134 106/106/106
f 106/106/106 134/134/134 135/135/135
f 106/106/106 135/135/135 107/107/107
f 107/107/107 135/135/135 136/136/136
f 107/107/107 136/136/136 108/108/108
f 108/108/108 136/136/136 137/137/137
f 108/108/108 137/137/137 109/109/109
f 109/109/109 137/137/137 138/138/138
f 109/109/109 138/138/138 110/110/110
f 110/110/110 138/138/138 139/139/139
f 110/110/110 139/139/139 111/111/111
f 111/111/111 139/139/139 140/140/140
f 111/111/111 140/140/140 112/112/112
f 113/113/113 141/141/141 142/142/142
f 113/113/113 142/142/142 114/114/114
f 114/114/114 142/142/142 143/143/143
f 114/114/114 143/143/143 115/115/115
f 115/115/115 143/143/143 144/144/144
f 115/115/115 144/144/144 116/116/116
f 116/116/116 144/144/144 145/145/145
f 116/116/116 145/145/145 117/117/117
f 117/117/117 145/145/145 146/146/146
f 117/117/117 146/146/146 118/118/118
f 118/118/118 146/146/146 147/147/147
f 118/118/118 147/147/147 119/119/119
f 119/119/119 147/147/147 148/148/148
f 119/119/119 148/148/148 120/120/120
f 120/120/120 148/148/148 149/149/149
f 120/120/120 149/149/149 121/121/121
f 121/121/121 149/149/149 150/150/150
f 121/121/121 150/150/150 122/122/122
f 122/122/122 150/150/150 151/151/151
f 122/122/122 151/151/151 123/123/123
f 123/123/123 151/151/151 152/152/152
f 123/123/123 152/152/152 124/124/124
f 124/124/124 152/152/152 153/153/153
f 124/124/124 153/153/153 125/125/125
f 125/125/125 153/153/153 154/154/154
f 125/125/125 154/154/154 126/126/126
f 126/126/126 154/154/154 155/155/155
f 126/126/126 155/155/155 127/127/127
f 127/127/127 155/155/155 156/156/156
f 127/127/127 156/156/156 128/128/128
f 128/128/128 156/156/156 157/157/157
f 128/128/128 157/157/157 129/129/129
f 129/129/129 157/157/157 158/158/158
f 129/129/129 158/158/158 130/130/130
f 130/130/130 158/158/158 159/159/159
f 130/130/130 159/159/159 131/131/131
f 131/131/131 159/159/159 160/160/160
f 131/131/131 160/160/160 132/132/132
f 132/132/132 160/160/160 161/161/161
f 132/132/132 161/161/161 133/133/133
f 133/133/133 161/161/161 162/162/162
f 133/133/133 162/162/162 134/134/134
f 134/134/134 162/162/162 163/163/163
f 134/134/134 163/163/163 135/135/135
f 135/135/135 163/163/163 164/164/164
f 135/135/135 164/164/164 136/136/136
f 136/136/136 164/164/164 165/165/165
f 136/136/136 165/165/165 137/137/137
f 137/137/137 165/165/165 166/166/166
f 137/137/137 166/166/166 138/138/138
f 138/138/138 166/166/166 167/167/167
f 138/138/138 167/167/167 139/139/139
f 139/139/139 167/167/167 168/168/168
f 139/139/139 168/168/168 140/140/140
f 141/141/141 169/169/169 170/170/170
f 141/141/141 170/170/170 142/142/142
f 142/142/142 170/170/170 171/171/171
f 142/142/142 171/171/171 143/143/143
f 143/143/143 171/171/171 172/172/172
f 143/143/143 172/172/172 144/144/144
f 144/144/144 172/172/172 173/173/173
f 144/144/144 173/173/173 145/145/145
f 145/145/145 173/173/173 174/174/174
f 145/145/145 174/174/174 146/146/146
f 146/146/146 174/174/174 175/175/175
f 146/146/146 175/175/175 147/147/147
f 147/147/147 175/175/175 176/176/176
f 147/147/147 176/176/176 148/148/148
f 148/148/148 176/176/176 177/177/177
f 148/148/148 177/177/177 149/149/149
f 149/149/149 177/177/177 178/178/178
f 149/149/149 178/178/178 150/150/150
f 150/150/150 178/178/178 179/179/179
f 150/150/150 179/179/179 151/151/151
f 151/151/151 179/179/179 180/180/180
f 151/151/151 180/180/180 152/152/152
f 152/152/152 180/180/180 181/181/181
f 152/152/152 181/181/181 153/153/153
f 153/153/153 181/181/181 182/182/182
f 153/153/153 182/182/182 154/154/154
f 154/154/154 182/182/182 183/183/183
f 154/154/154 183/183/183 155/155/155
f 155/155/155 183/183/183 184/184/184
f 155/155/155 184/184/184 156/156/156
f 156/156/156 184/184/184 185/185/185
f 156/156/156 185/185/185 157/157/157
f 157/157/157 185/185/185 186/186/186
f 157/157/157 186/186/186 158/158/158
f 158/158/158 186/186/186 187/187/187
f 158/158/158 187/187/187 159/159/159
f 159/159/159 187/187/187 188/188/188
f 159/159/159 188/188/188 160/160/160
f 160/160/160 188/188/188 189/189/189
f 160/160/160 189/189/189 161/161/161
f 161/161/161 189/189/189 190/190/190
f 161/161/161 190/190/190 162/162/162
f 162/162/162 190/190/190 191/191/191
f 162/162/162 191/191/191 163/163/163
f 163/163/163 191/191/191 192/192/192
f 163/163/163 192/192/192 164/164/164
f 164/164/164 192/192/192 193/193/193
f 164/164/164 193/193/193 165/165/165
f 165/165/165 193/193/193 194/194/194
f 165/165/165 194/194/194 166/166/166
f 166/166/166 194/194/194 195/195/195
f 166/166/166 195/195/195 167/167/167
f 167/167/167 195/195/195 196/196/196
f 167/167/167 196/196/196 168/168/168
f 169/169/169 197/197/197 198/198/198
f 169/169/169 198/198/198 170/170/170
f 170/170/170 198/198/198 199/199/199
f 170/170/170 199/199/199 171/171/171
f 171/171/171 199/199/199 200/200/200
f 171/171/171 200/200/200 172/172/172
f 172/172/172 200/200/200 201/201/201
f 172/172/172 201/201/201 173/173/173
f 173/173/173 201/201/201 202/202/202
f 173/173/173 202/202/202 174/174/174
f 174/174/174 202/202/202 203/203/203
f 174/174/174 203/203/203 175/175/175
f 175/175/175 203/203/203 204/204/204
f 175/175/175 204/204/204 176/176/176
f 176/176/176 204/204/204 205/205/205
f 176/176/176 205/205/205 177/177/177
f 177/177/177 205/205/205 206/206/206
f 177/177/177 206/206/206 178/178/178
f 178/178/178 206/206/206 207/207/207
f 178/178/178 207/207/207 179/179/179
f 179/179/179 207/207/207 208/208/208
f 179/179/179 208/208/208 180/180/180
f 180/180/180 208/208/208 209/209/209
f 180/180/180 209/209/209 181/181/181
f 181/181/181 209/209/209 210/210/210
f 181/181/181 210/210/210 182/182/182
f 182/182/182 210/210/210 211/211/211
f 182/182/182 211/211/211 183/183/183
f 183/183/183 211/211/211 212/212/212
f 183/183/183 212/212/212 184/184/184
f 184/184/184 212/212/212 213/213/213
f 184/184/184 213/213/213 185/185/185
f 185/185/185 213/213/213 214/214/214
f 185/185/185 214/214/214 186/186/186
f 186/186/186 214/214/214 215/215/215
f 186/186/186 215/215/215 187/187/187
f 187/187/187 215/215/215 216/216/216
f 187/187/187 216/216/216 188/188/188
f 188/188/188 216/216/216 217/217/217
f 188/188/188 217/217/217 189/189/189
f 189/189/189 217/217/217 218/218/218
f 189/189/189 218/218/218 190/190/190
f 190/190/190 218/218/218 219/219/219
f 190/190/190 219/219/219 191/191/191
f 191/191/191 219/219/219 220/220/220
f 191/191/191 220/220/220 192/192/192
f 192/192/192 220/220/220 221/221/221
f 192/192/192 221/221/221 193/193/193
f 193/193/193 221/221/221 222/222/222
f 193/193/193 222/222/222 194/194/194
f 194/194/194 222/222/222 223/223/223
f 194/194/194 223/223/223 195/195/195
f 195/195/195 223/223/223 224/224/224
f 195/195/195 224/224/224 196/196/196
f 197/197/197 225/225/225 226/226/226
f 197/197/197 226/226/226 198/198/198
f 198/198/198 226/226/226 227/227/227
f 198/198/198 227/227/227 199/199/199
f 199/199/199 227/227/227 228/228/228
f 199/199/199 228/228/228 200/200/200
f 200/200/200 228/228/228 229/229/229
f 200/200/200 229/229/229 201/201/201
f 201/201/201 229/229/229 230/230/230
f 201/201/201 230/230/230 202/202/202
f 202/202/202 230/230/230 231/231/231
f 202/202/202 231/231/231 203/203/203
f 203/203/203 231/231/231 232/232/232
f 203/203/203 232/232/232 204/204/204
f 204/204/204 232/232/232 233/233/233
f 204/204/204 233/233/233 205/205/205
f 205/205/205 233/233/233 234/234/234
f 205/205/205 234/234/234 206/206/206
f 206/206/206 234/234/234 235/235/235
f 206/206/206 235/235/235 207/207/207
f 207/207/207 235/235/235 236/236/236
f 207/207/207 236/236/236 208/208/208
f 208/208/208 236/236/236 237/237/237
f 208/208/208 237/237/237 209/209/209
f 209/209/209 237/237/237 238/238/238
f 209/209/209 238/238/238 210/210/210
f 210/210/210 238/238/238 239/239/239
f 210/210/210 239/239/239 211/211/211
f 211/211/211 239/239/239 240/240/240
f 211/211/211 240/240/240 212/212/212
f 212/212/212 240/240/240 241/241/241
f 212/212/212 241/241/241 213/213/213
f 213/213/213 241/241/241 242/242/242
f 213/213/213 242/242/242 214/214/214
f 214/214/214 242/242/242 243/243/243
f 214/214/214 243/243/243 215/215/215
f 215/215/215 243/243/243 244/244/244
f 215/215/215 244/244/244 216/216/216
f 216/216/216 244/244/244 245/245/245
f 216/216/216 245/245/245 217/217/217
f 217/217/217 245/245/245 246/246/246
f 217/217/217 246/246/246 218/218/218
f 218/218/218 246/246/246 247/247/247
f 218/218/218 247/247/247 219/219/219
f 219/219/219 247/247/247 248/248/248
f 219/219/219 248/248/248 220/220/220
f 220/220/220 248/248/248 249/249/249
f 220/220/220 249/249/249 221/221/221
f 221/221/221 249/249/249 250/250/250
f 221/221/221 250/250/250 222/222/222
f 222/222/222 250/250/250 251/251/251
f 222/222/222 251/251/251 223/223/223
f 223/223/223 251/251/251 252/252/252
f 223/223/223 252/252/252 224/224/224
f 225/225/225 253/253/253 254/254/254
f 225/225/225 254/254/254 226/226/226
f 226/226/226 254/254/254 255/255/255
f 226/226/226 255/255/255 227/227/227
f 227/227/227 255/255/255 256/256/256
f 227/227/227 256/256/256 228/228/228
f 228/228/228 256/256/256 257/257/257
f 228/228/228 257/257/257 229/229/229
f 229/229/229 257/257/257 258/258/258
f 229/229/229 258/258/258 230/230/230
f 230/230/230 258/258/258 259/259/259
f 230/230/230 259/259/259 231/231/231
f 231/231/231 259/259/259 260/260/260
f 231/231/231 260/260/260 232/232/232
f 232/232/232 260/260/260 261/261/261
f 232/232/232 261/261/261 233/233/233
f 233/233/233 261/261/261 262/262/262
f 233/233/233 262/262/262 234/234/234
f 234/234/234 262/262/262 263/263/263
f 234/234/234 263/263/263 235/235/235
f 235/235/235 263/263/263 264/264/264
f 235/235/235 264/264/264 236/236/236
f 236/236/236 264/264/264 265/265/265
f 236/236/236 265/265/265 237/237/237
f 237/237/237 265/265/265 266/266/266
f 237/237/237 266/266/266 238/238/238
f 238/238/238 266/266/266 267/267/267
f 238/238/238 267/267/267 239/239/239
f 239/239/239 267/267/267 268/268/268
f 239/239/239 268/268/268 240/240/240
f 240/240/240 268/268/268 269/269/269
f 240/240/240 269/269/269 241/241/241
f 241/241/241 269/269/269 270/270/270
f 241/241/241 270/270/270 242/242/242
f 242/242/242 270/270/270 271/271/271
f 242/242/242 271/271/271 243/243/243
f 243/243/243 271/271/271 272/272/272
f 243/243/243 272/272/272 244/244/244
f 244/244/244 272/272/272 273/273/273
f 244/244/244 273/273/273 245/245/245
f 245/245/245 273/273/273 274/274/274
f 245/245/245 274/274/274 246/246/246
f 246/246/246 274/274/274 275/275/275
f 246/246/246 275/275/275 247/247/247
f 247/247/247 275/275/275 276/276/276
f 247/247/247 276/276/276 248/248/248
f 248/248/248 276/276/276 277/277/277
f 248/248/248 277/277/277 249/249/249
f 249/249/249 277/277/277 278/278/278
f 249/249/249 278/278/278 250/250/250
f 250/250/250 278/278/278 279/279/279
f 250/250/250 279/279/279 251/251/251
f 251/251/251 279/279/279 280/280/280
f 251/251/251 280/280/280 252/252/252
f 281/281/281 310/310/310 309/309/309
f 281/281/281 282/282/282 310/310/310
f 282/282/282 311/311/311 310/310/310
f 282/282/282 283/283/283 311/311/311
f 283/283/283 312/312/312 311/311/311
f 283/283/283 284/284/284 312/312/312
f 284/284/284 313/313/313 312/312/312
f 284/284/284 285/285/285 313/313/313
f 285/285/285 314/314/314 313/313/313
f 285/285/285 286/286/286 314/314/314
f 286/286/286 315/315/315 314/314/314
f 286/286/286 287/287/287 315/315/315
f 287/287/287 316/316/316 315/315/315
f 287/287/287 288/288/288 316/316/316
f 288/288/288 317/317/317 316/316/316
f 288/288/288 289/289/289 317/317/317
f 289/289/289 318/318/318 317/317/317
f 289/289/289 290/290/290 318/318/318
f 290/290/290 319/319/319 318/318/318
f 290/290/290 291/291/291 319/319/319
f 291/291/291 320/320/320 319/319/319
f 291/291/291 292/292/292 320/320/320
f 292/292/292 321/321/321 320/320/320
f 292/292/292 293/293/293 321/321/321
f 293/293/293 322/322/322 321/321/321
f 293/293/293 294/294/294 322/322/322
f 294/294/294 323/323/323 322/322/322
f 294/294/294 295/295/295 323/323/323
f 295/295/295 324/324/324 323/323/323
f 295/295/295 296/296/296 324/324/324
f 296/296/296 325/325/325 324/324/324
f 296/296/296 297/297/297 325/325/325
f 297/297/297 326/326/326 325/325/325
f 297/297/297 298/298/298 326/326/326
f 298/298/298 327/327/327 326/326/326
f 298/298/298 299/299/299 327/327/327
f 299/299/299 328/328/328 327/327/327
f 299/299/299 300/300/300 328/328/328
f 300/300/300 329/329/329 328/328/328
f 300/300/300 301/301/301 329/329/329
f 301/301/301 330/330/330 329/329/329
f 301/301/301 302/302/302 330/330/330
f 302/302/302 331/331/331 330/330/330
f 302/302/302 303/303/303 331/331/331
f 303/303/303 332/332/332 331/331/331
f 303/303/303 304/304/304 332/332/332
f 304/304/304 333/333/333 332/332/332
f 304/304/304 305/305/305 333/333/333
f 305/305/305 334/334/334 333/333/333
f 305/305/305 306/306/306 334/334/334
f 306/306/306 335/335/335 334/334/334
f 306/306/306 307/307/307 335/335/335
f 307/307/307 336/336/336 335/335/335
f 307/307/307 308/308/308 336/336/336
f 309/309/309 338/338/338 337/337/337
f 309/309/309 310/310/310 338/338/338
f 310/310/310 339/339/339 338/338/338
f 310/310/310 311/311/311 339/339/339
f 311/311/311 340/340/340 339/339/339
f 311/311/311 312/312/312 340/340/340
f 312/312/312 341/341/341 340/340/340
f 312/312/312 313/313/313 341/341/341
f 313/313/313 342/342/342 341/341/341
f 313/313/313 314/314/314 342/342/342
f 314/314/314 343/343/343 342/342/342
f 314/314/314 315/315/315 343/343/343
f 315/315/315 344/344/344 343/343/343
f 315/315/315 316/316/316 344/344/344
f 316/316/316 345/345/345 344/344/344
f 316/316/316 317/317/317 345/345/345
f 317/317/317 346/346/346 345/345/345
f 317/317/317 318/318/318 346/346/346
f 318/318/318 347/347/347 346/346/346
f 318/318/318 319/319/319 347/347/347
f 319/319/319 348/348/348 347/347/347
f 319/319/319 320/320/320 348/348/348
f 320/320/320 349/349/349 348/348/348
f 320/320/320 321/321/321 349/349/349
f 321/321/321 350/350/350 349/349/349
f 321/321/321 322/322/322 350/350/350
f 322/322/322 351/351/351 350/350/350
f 322/322/322 323/323/323 351/351/351
f 323/323/323 352/352/352 351/351/351
f 323/323/323 324/324/324 352/352/352
f 324/324/324 353/353/353 352/352/352
f 324/324/324 325/325/325 353/353/353
f 325/325/325 354/354/354 353/353/353
f 325/325/325 326/326/326 354/354/354
f 326/326/326 355/355/355 354/354/354
f 326/326/326 327/327/327 355/355/355
f 327/327/327 356/356/356 355/355/355
f 327/327/327 328/328/328 356/356/356
f 328/328/328 357/357/357 356/356/356
f 328/328/328 329/329/329 357/357/357
f 329/329/329 358/358/358 357/357/357
f 329/329/329 330/330/330 358/358/358
f 330/330/330 359/359/359 358/358/358
f 330/330/330 331/331/331 359/359/359
f 331/331/331 360/360/360 359/359/359
f 331/331/331 332/332/332 360/360/360
f 332/332/332 361/361/361 360/360/360
f 332/332/332 333/333/333 361/361/361
f 333/333/333 362/362/362 361/361/361
f 333/333/333 334/334/334 362/362/362
f 334/334/334 363/363/363 362/362/362
f 334/334/334 335/335/335 363/363/363
f 335/335/335 364/364/364 363/363/363
f 335/335/335 336/336/336 364/364/364
f 337/337/337 366/366/366 365/365/365
f 337/337/337 338/338/338 366/366/366
f 338/338/338 367/367/367 366/366/366
f 338/338/338 339/339/339 367/367/367
f 339/339/339 368/368/368 367/367/367
f 339/339/339 340/340/340 368/368/368
f 340/340/340 369/369/369 368/368/368
f 340/340/340 341/341/341 369/369/369
f 341/341/341 370/370/370 369/369/369
f 341/341/341 342/342/342 370/370/370
f 342/342/342 371/371/371 370/370/370
f 342/342/342 343/343/343 371/371/371
f 343/343/343 372/372/372 371/371/371
f 343/343/343 344/344/344 372/372/372
f 344/344/344 373/373/373 372/372/372
f 344/344/344 345/345/345 373/373/373
f 345/345/345 374/374/374 373/373/373
f 345/345/345 346/346/346 374/374/374
f 346/346/346 375/375/375 374/374/374
f 346/346/346 347/347/347 375/375/375
f 347/347/347 376/376/376 375/375/375
f 347/347/347 348/348/348 376/376/376
f 348/348/348 377/377/377 376/376/376
f 348/348/348 349/349/349 377/377/377
f 349/349/349 378/378/378 377/377/377
f 349/349/349 350/350/350 378/378/378
f 350/350/350 379/379/379 378/378/378
f 350/350/350 351/351/351 379/379/379
f 351/351/351 380/380/380 379/379/379
f 351/351/351 352/352/352 380/380/380
f 352/352/352 381/381/381 380/380/380
f 352/352/352 353/353/353 381/381/381
f 353/353/353 382/382/382 381/381/381
f 353/353/353 354/354/354 382/382/382
f 354/354/354 383/383/383 382/382/382
f 354/354/354 355/355/355 383/383/383
f 355/355/355 384/384/384 383/383/383
f 355/355/355 356/356/356 384/384/384
f 356/356/356 385/385/385 384/384/384
f 356/356/356 357/357/357 385/385/385
f 357/357/357 386/386/386 385/385/385
f 357/357/357 358/358/358 386/386/386
f 358/358/358 387/387/387 386/386/386
f 358/358/358 359/359/359 387/387/387
f 359/359/359 388/388/388 387/387/387
f 359/359/359 360/360/360 388/388/388
f 360/360/360 389/389/389 388/388/388
f 360/360/360 361/361/361 389/389/389
f 361/361/361 390/390/390 389/389/389
f 361/361/361 362/362/362 390/390/390
f 362/362/362 391/391/391 390/390/390
f 362/362/362 363/363/363 391/391/391
f 363/363/363 392/392/392 391/391/391
f 363/363/363 364/364/364 392/392/392
f 365/365/365 394/394/394 393/393/393
f 365/365/365 366/366/366 394/394/394
f 366/366/366 395/395/395 394/394/394
f 366/366/366 367/367/367 395/395/395
f 367/367/367 396/396/396 395/395/395
f 367/367/367 368/368/368 396/396/396
f 368/368/368 397/397/397 396/396/396
f 368/368/368 369/369/369 397/397/397
f 369/369/369 398/398/398 397/397/397
f 369/369/369 370/370/370 398/398/398
f 370/370/370 399/399/399 398/398/398
f 370/370/370 371/371/371 399/399/399
f 371/371/371 400/400/400 399/399/399
f 371/371/371 372/372/372 400/400/400
f 372/372/372 401/401/401 400/400/400
f 372/372/372 373/373/373 401/401/401
f 373/373/373 402/402/402 401/401/401
f 373/373/373 374/374/374 402/402/402
f 374/374/374 403/403/403 402/402/402
f 374/374/374 375/375/375 403/403/403
f 375/375/375 404/404/404 403/403/403
f 375/375/375 376/376/376 404/404/404
f 376/376/376 405/405/405 404/404/404
f 376/376/376 377/377/377 405/405/405
f 377/377/377 406/406/406 405/405/405
f 377/377/377 378/378/378 406/406/406
f 378/378/378 407/407/407 406/406/406
f 378/378/378 379/379/379 407/407/407
f 379/379/379 408/408/408 407/407/407
f 379/379/379 380/380/380 408/408/408
f 380/380/380 409/409/409 408/408/408
f 380/380/380 381/381/381 409/409/409
f 381/381/381 410/410/410 409/409/409
f 381/381/381 382/382/382 410/410/410
f 382/382/382 411/411/411 410/410/410
f 382/382/382 383/383/383 411/411/411
f 383/383/383 412/412/412 411/411/411
f 383/383/383 384/384/384 412/412/412
f 384/384/384 413/413/413 412/412/412
f 384/384/384 385/385/385 413/413/413
f 385/385/385 414/414/414 413/413/413
f 385/385/385 386/386/386 414/414/414
f 386/386/386 415/415/415 414/414/414
f 386/386/386 387/387/387 415/415/415
f 387/387/387 416/416/416 415/415/415
f 387/387/387 388/388/388 416/416/416
f 388/388/388 417/417/417 416/416/416
f 388/388/388 389/389/389 417/417/417
f 389/389/389 418/418/418 417/417/417
f 389/389/389 390/390/390 418/418/418
f 390/390/390 419/419/419 418/418/418
f 390/390/390 391/391/391 419/419/419
f 391/391/391 420/420/420 419/419/419
f 391/391/391 392/392/392 420/420/420
f 393/393/393 422/422/422 421/421/421
f 393/393/393 394/394/394 422/422/422
f 394/394/394 423/423/423 422/422/422
f 394/394/394 395/395/395 423/423/423
f 395/395/395 424/424/424 423/423/423
f 395/395/395 396/396/396 424/424/424
f 396/396/396 425/425/425 424/424/424
f 396/396/396 397/397/397 425/425/425
f 397/397/397 426/426/426 425/425/425
f 397/397/397 398/398/398 426/426/426
f 398/398/398 427/427/427 426/426/426
f 398/398/398 399/399/399 427/427/427
f 399/399/399 428/428/428 427/427/427
f 399/399/399 400/400/400 428/428/428
f 400/400/400 429/429/429 428/428/428
f 400/400/400 401/401/401 429/429/429
f 401/401/401 430/430/430 429/429/429
f 401/401/401 402/402/402 430/430/430
f 402/402/402 431/431/431 430/430/430
f 402/402/402 403/403/403 431/431/431
f 403/403/403 432/432/432 431/431/431
f 403/403/403 404/404/404 432/432/432
f 404/404/404 433/433/433 432/432/432
f 404/404/404 405/405/405 433/433/433
f 405/405/405 434/434/434 433/433/433
f 405/405/405 406/406/406 434/434/434
f 406/406/406 435/435/435 434/434/434
f 406/406/406 407/407/407 435/435/435
f 407/407/407 436/436/436 435/435/435
f 407/407/407 408/408/408 436/436/436
f 408/408/408 437/437/437 436/436/436
f 408/408/408 409/409/409 437/437/437
f 409/409/409 438/438/438 437/437/437
f 409/409/409 410/410/410 438/438/438
f 410/410/410 439/439/439 438/438/438
f 410/410/410 411/411/411 439/439/439
f 411/411/411 440/440/440 439/439/439
f 411/411/411 412/412/412 440/440/440
f 412/412/412 441/441/441 440/440/440
f 412/412/412 413/413/413 441/441/441
f 413/413/413 442/442/442 441/441/441
f 413/413/413 414/414/414 442/442/442
f 414/414/414 443/443/443 442/442/442
f 414/414/414 415/415/415 443/443/443
f 415/415/415 444/444/444 443/443/443
f 415/415/415 416/416/416 444/444/444
f 416/416/416 445/445/445 444/444/444
f 416/416/416 417/417/417 445/445/445
f 417/417/417 446/446/446 445/445/445
f 417/417/417 418/418/418 446/446/446
f 418/418/418 447/447/447 446/446/446
f 418/418/418 419/419/419 447/447/447
f 419/419/419 448/448/448 447/447/447
f 419/419/419 420/420/420 448/448/448
f 421/421/421 450/450/450 449/449/449
f 421/421/421 422/422/422 450/450/450
f 422/422/422 451/451/451 450/450/450
f 422/422/422 423/423/423 451/451/451
f 423/423/423 452/452/452 451/451/451
f 423/423/423 424/424/424 452/452/452
f 424/424/424 453/453/453 452/452/452
f 424/424/424 425/425/425 453/453/453
f 425/425/425 454/454/454 453/453/453
f 425/425/425 426/426/426 454/454/454
f 426/426/426 455/455/455 454/454/454
f 426/426/426 427/427/427 455/455/455
f 427/427/427 456/456/456 455/455/455
f 427/427/427 428/428/428 456/456/456
f 428/428/428 457/457/457 456/456/456
f 428/428/428 429/429/429 457/457/457
f 429/429/429 458/458/458 457/457/457
f 429/429/429 430/430/430 458/458/458
f 430/430/430 459/459/459 458/458/458
f 430/430/430 431/431/431 459/459/459
f 431/431/431 460/460/460 459/459/459
f 431/431/431 432/432/432 460/460/460
f 432/432/432 461/461/461 460/460/460
f 432/432/432 433/433/433 461/461/461
f 433/433/433 462/462/462 461/461/461
f 433/433/433 434/434/434 462/462/462
f 434/434/434 463/463/463 462/462/462
f 434/434/434 435/435/435 463/463/463
f 435/435/435 464/464/464 463/463/463
f 435/435/435 436/436/436 464/464/464
f 436/436/436 465/465/465 464/464/464
f 436/436/436 437/437/437 465/465/465
f 437/437/437 466/466/466 465/465/465
f 437/437/437 438/438/438 466/466/466
f 438/438/438 467/467/467 466/466/466
f 438/438/438 439/439/439 467/467/467
f 439/439/439 468/468/468 467/467/467
f 439/439/439 440/440/440 468/468/468
f 440/440/440 469/469/469 468/468/468
f 440/440/440 441/441/441 469/469/469
f 441/441/441 470/470/470 469/469/469
f 441/441/441 442/442/442 470/470/470
f 442/442/442 471/471/471 470/470/470
f 442/442/442 443/443/443 471/471/471
f 443/443/443 472/472/472 471/471/471
f 443/443/443 444/444/444 472/472/472
f 444/444/444 473/473/473 472/472/472
f 444/444/444 445/445/445 473/473/473
f 445/445/445 474/474/474 473/473/473
f 445/445/445 446/446/446 474/474/474
f 446/446/446 475/475/475 474/474/474
f 446/446/446 447/447/447 475/475/475
f 447/447/447 476/476/476 475/475/475
f 447/447/447 448/448/448 476/476/476
f 449/449/449 478/478/478 477/477/477
f 449/449/449 450/450/450 478/478/478
f 450/450/450 479/479/479 478/478/478
f 450/450/450 451/451/451 479/479/479
f 451/451/451 480/480/480 479/479/479
f 451/451/451 452/452/452 480/480/480
f 452/452/452 481/481/481 480/480/480
f 452/452/452 453/453/453 481/481/481
f 453/453/453 482/482/482 481/481/481
f 453/453/453 454/454/454 482/482/482
f 454/454/454 483/483/483 482/482/482
f 454/454/454 455/455/455 483/483/483
f 455/455/455 484/484/484 483/483/483
f 455/455/455 456/456/456 484/484/484
f 456/456/456 485/485/485 484/484/484
f 456/456/456 457/457/457 485/485/485
f 457/457/457 486/486/486 485/485/485
f 457/457/457 458/458/458 486/486/486
f 458/458/458 487/487/487 486/486/486
f 458/458/458 459/459/459 487/487/487
f 459/459/459 488/488/488 487/487/487
f 459/459/459 460/460/460 488/488/488
f 460/460/460 489/489/489 488/488/488
f 460/460/460 461/461/461 489/489/489
f 461/461/461 490/490/490 489/489/489
f 461/461/461 462/462/462 490/490/490
f 462/462/462 491/491/491 490/490/490
f 462/462/462 463/463/463 491/491/491
f 463/463/463 492/492/492 491/491/491
f 463/463/463 464/464/464 492/492/492
f 464/464/464 493/493/493 492/492/492
f 464/464/464 465/465/465 493/493/493
f 465/465/465 494/494/494 493/493/493
f 465/465/465 466/466/466 494/494/494
f 466/466/466 495/495/495 494/494/494
f 466/466/466 467/467/467 495/495/495
f 467/467/467 496/496/496 495/495/495
f 467/467/467 468/468/468 496/496/496
f 468/468/468 497/497/497 496/496/496
f 468/468/468 469/469/469 497/497/497
f 469/469/469 498/498/498 497/497/497
f 469/469/469 470/470/470 498/498/498
f 470/470/470 499/499/499 498/498/498
f 470/470/470 471/471/471 499/499/499
f 471/471/471 500/500/500 499/499/499
f 471/471/471 472/472/472 500/500/500
f 472/472/472 501/501/501 500/500/500
f 472/472/472 473/473/473 501/501/501
f 473/473/473 502/502/502 501/501/501
f 473/473/473 474/474/474 502/502/502
f 474/474/474 503/503/503 502/502/502
f 474/474/474 475/475/475 503/503/503
f 475/475/475 504/504/504 503/503/503
f 475/475/475 476/476/476 504/504/504
f 477/477/477 506/506/506 505/505/505
f 477/477/477 478/478/478 506/506/506
f 478/478/478 507/507/507 506/506/506
f 478/478/478 479/479/479 507/507/507
f 479/479/479 508/508/508 507/507/507
f 479/479/479 480/480/480 508/508/508
f 480/480/480 509/509/509 508/508/508
f 480/480/480 481/481/481 509/509/509
f 481/481/481 510/510/510 509/509/509
f 481/481/481 482/482/482 510/510/510
f 482/482/482 511/511/511 510/510/510
f 482/482/482 483/483/483 511/511/511
f 483/483/483 512/512/512 511/511/511
f 483/483/483 484/484/484 512/512/512
f 484/484/484 513/513/513 512/512/512
f 484/484/484 485/485/485 513/513/513
f 485/485/485 514/514/514 513/513/513
f 485/485/485 486/486/486 514/514/514
f 486/486/486 515/515/515 514/514/514
f 486/486/486 487/487/487 515/515/515
f 487/487/487 516/516/516 515/515/515
f 487/487/487 488/488/488 516/516/516
f 488/488/488 517/517/517 516/516/516
f 488/488/488 489/489/489 517/517/517
f 489/489/489 518/518/518 517/517/517
f 489/489/489 490/490/490 518/518/518
f 490/490/490 519/519/519 518/518/518
f 490/490/490 491/491/491 519/519/519
f 491/491/491 520/520/520 519/519/519
f 491/491/491 492/492/492 520/520/520
f 492/492/492 521/521/521 520/520/520
f 492/492/492 493/493/493 521/521/521
f 493/493/493 522/522/522 521/521/521
f 493/493/493 494/494/494 522/522/522
f 494/494/494 523/523/523 522/522/522
f 494/494/494 495/495/495 523/523/523
f 495/495/495 524/524/524 523/523/523
f 495/495/495 496/496/496 524/524/524
f 496/496/496 525/525/525 524/524/524
f 496/496/496 497/497/497 525/525/525
f 497/497/497 526/526/526 525/525/525
f 497/497/497 498/498/498 526/526/526
f 498/498/498 527/527/527 526/526/526
f 498/498/498 499/499/499 527/527/527
f 499/499/499 528/528/528 527/527/527
f 499/499/499 500/500/500 528/528/528
f 500/500/500 529/529/529 528/528/528
f 500/500/500 501/501/501 529/529/529
f 501/501/501 530/530/530 529/529/529
f 501/501/501 502/502/502 530/530/530
f 502/502/502 531/531/531 530/530/530
f 502/502/502 503/503/503 531/531/531
f 503/503/503 532/532/532 531/531/531
f 503/503/503 504/504/504 532/532/532
f 505/505/505 534/534/534 533/533/533
f 505/505/505 506/506/506 534/534/534
f 506/506/506 535/535/535 534/534/534
f 506/506/506 507/507/507 535/535/535
f 507/507/507 536/536/536 535/535/535
f 507/507/507 508/508/508 536/536/536
f 508/508/508 537/537/537 536/536/536
f 508/508/508 509/509/509 537/537/537
f 509/509/509 538/538/538 537/537/537
f 509/509/509 510/510/510 538/538/538
f 510/510/510 539/539/539 538/538/538
f 510/510/510 511/511/511 539/539/539
f 511/511/511 540/540/540 539/539/539
f 511/511/511 512/512/512 540/540/540
f 512/512/512 541/541/541 540/540/540
f 512/512/512 513/513/513 541/541/541
f 513/513/513 542/542/542 541/541/541
f 513/513/513 514/514/514 542/542/542
f 514/514/514 543/543/543 542/542/542
f 514/514/514 515/515/515 543/543/543
f 515/515/515 544/544/544 543/543/543
f 515/515/515 516/516/516 544/544/544
f 516/516/516 545/545/545 544/544/544
f 516/516/516 517/517/517 545/545/545
f 517/517/517 546/546/546 545/545/545
f 517/517/517 518/518/518 546/546/546
f 518/518/518 547/547/547 546/546/546
f 518/518/518 519/519/519 547/547/547
f 519/519/519 548/548/548 547/547/547
f 519/519/519 520/520/520 548/548/548
f 520/520/520 549/549/549 548/548/548
f 520/520/520 521/521/521 549/549/549
f 521/521/521 550/550/550 549/549/549
f 521/521/521 522/522/522 550/550/550
f 522/522/522 551/551/551 550/550/550
f 522/522/522 523/523/523 551/551/551
f 523/523/523 552/552/552 551/551/551
f 523/523/523 524/524/524 552/552/552
f 524/524/524 553/553/553 552/552/552
f 524/524/524 525/525/525 553/553/553
f 525/525/525 554/554/554 553/553/553
f 525/525/525 526/526/526 554/554/554
f 526/526/526 555/555/555 554/554/554
f 526/526/526 527/527/527 555/555/555
f 527/527/527 556/556/556 555/555/555
f 527/527/527 528/528/528 556/556/556
f 528/528/528 557/557/557 556/556/556
f 528/528/528 529/529/529 557/557/557
f 529/529/529 558/558/558 557/557/557
f 529/529/529 530/530/530 558/558/558
f 530/530/530 559/559/559 558/558/558
f 530/530/530 531/531/531 559/559/559
f 531/531/531 560/560/560 559/559/559
f 531/531/531 532/532/532 560/560/560
f 309/309/309 29/29/29 1/1/1
f 281/281/281 309/309/309 1/1/1
f 336/336/336 308/308/308 28/28/28
f 56/56/56 336/336/336 28/28/28
f 337/337/337 57/57/57 29/29/29
f 309/309/309 337/337/337 29/29/29
f 364/364/364 336/336/336 56/56/56
f 84/84/84 364/364/364 56/56/56
f 365/365/365 85/85/85 57/57/57
f 337/337/337 365/365/365 57/57/57
f 392/392/392 364/364/364 84/84/84
f 112/112/112 392/392/392 84/84/84
f 393/393/393 113/113/113 85/85/85
f 365/365/365 393/393/393 85/85/85
f 420/420/420 392/392/392 112/112/112
f 140/140/140 420/420/420 112/112/112
f 421/421/421 141/141/141 113/113/113
f 393/393/393 421/421/421 113/113/113
f 448/448/448 420/420/420 140/140/140
f 168/168/168 448/448/448 140/140/140
f 449/449/449 169/169/169 141/141/141
f 421/421/421 449/449/449 141/141/141
f 476/476/476 448/448/448 168/168/168
f 196/196/196 476/476/476 168/168/168
f 477/477/477 197/197/197 169/169/169
f 449/449/449 477/477/477 169/169/169
f 504/504/504 476/476/476 196/196/196
f 224/224/224 504/504/504 196/196/196
f 505/505/505 225/225/225 197/197/197
f 477/477/477 505/505/505 197/197/197
f 532/532/532 504/504/504 224/224/224
f 252/252/252 532/532/532 224/224/224
f 533/533/533 253/253/253 225/225/225
f 505/505/505 533/533/533 225/225/225
f 560/560/560 532/532/532 252/252/252
f 280/280/280 560/560/560 252/252/252
f 2/2/2 282/282/282 1/1/1
f 282/282/282 281/281/281 1/1/1
f 3/3/3 283/283/283 2/2/2
f 283/283/283 282/282/282 2/2/2
f 4/4/4 284/284/284 3/3/3
f 284/284/284 283/283/283 3/3/3
f 5/5/5 285/285/285 4/4/4
f 285/285/285 284/284/284 4/4/4
f 6/6/6 286/286/286 5/5/5
f 286/286/286 285/285/285 5/5/5
f 7/7/7 287/287/287 6/6/6
f 287/287/287 286/286/286 6/6/6
f 8/8/8 288/288/288 7/7/7
f 288/288/288 287/287/287 7/7/7
f 9/9/9 289/289/289 8/8/8
f 289/289/289 288/288/288 8/8/8
f 10/10/10 290/290/290 9/9/9
f 290/290/290 289/289/289 9/9/9
f 11/11/11 291/291/291 10/10/10
f 291/291/291 290/290/290 10/10/10
f 12/12/12 292/292/292 11/11/11
f 292/292/292 291/291/291 11/11/11
f 13/13/13 293/293/293 12/12/12
f 293/293/293 292/292/292 12/12/12
f 14/14/14 294/294/294 13/13/13
f 294/294/294 293/293/293 13/13/13
f 15/15/15 295/295/295 14/14/14
f 295/295/295 294/294/294 14/14/14
f 16/16/16 296/296/296 15/15/15
f 296/296/296 295/295/295 15/15/15
f 17/17/17 297/297/297 16/16/16
f 297/297/297 296/296/296 16/16/16
f 18/18/18 298/298/298 17/17/17
f 298/298/298 297/297/297 17/17/17
f 19/19/19 299/299/299 18/18/18
f 299/299/299 298/298/298 18/18/18
f 20/20/20 300/300/300 19/19/19
f 300/300/300 299/299/299 19/19/19
f 21/21/21 301/301/301 20/20/20
f 301/301/301 300/300/300 20/20/20
f 22/22/22 302/302/302 21/21/21
f 302/302/302 301/301/301 21/21/21
f 23/23/23 303/303/303 22/22/22
f 303/303/303 302/302/302 22/22/22
f 24/24/24 304/304/304 23/23/23
f 304/304/304 303/303/303 23/23/23
f 25/25/25 305/305/305 24/24/24
f 305/305/305 304/304/304 24/24/24
f 26/26/26 306/306/306 25/25/25
f 306/306/306 305/305/305 25/25/25
f 27/27/27 307/307/307 26/26/26
f 307/307/307 306/306/306 26/26/26
f 28/28/28 308/308/308 27/27/27
f 308/308/308 307/307/307 27/27/27
f 534/534/534 254/254/254 253/253/253
f 533/533/533 534/534/534 253/253/253
f 535/535/535 255/255/255 254/254/254
f 534/534/534 535/535/535 254/254/254
f 536/536/536 256/256/256 255/255/255
f 535/535/535 536/536/536 255/255/255
f 537/537/537 257/257/257 256/256/256
f 536/536/536 537/537/537 256/256/256
f 538/538/538 258/258/258 257/257/257
f 537/537/537 538/538/538 257/257/257
f 539/539/539 259/259/259 258/258/258
f 538/538/538 539/539/539 258/258/258
f 540/540/540 260/260/260 259/259/259
f 539/539/539 540/540/540 259/259/259
f 541/541/541 261/261/261 260/260/260
f 540/540/540 541/541/541 260/260/260
f 542/542/542 262/262/262 261/261/261
f 541/541/541 542/542/542 261/261/261
f 543/543/543 263/263/263 262/262/262
f 542/542/542 543/543/543 262/262/262
f 544/544/544 264/264/264 263/263/263
f 543/543/543 544/544/544 263/263/263
f 545/545/545 265/265/265 264/264/264
f 544/544/544 545/545/545 264/264/264
f 546/546/546 266/266/266 265/265/265
f 545/545/545 546/546/546 265/265/265
f 547/547/547 267/267/267 266/266/266
f 546/546/546 547/547/547 266/266/266
f 548/548/548 268/268/268 267/267/267
f 547/547/547 548/548/548 267/267/267
f 549/549/549 269/269/269 268/268/268
f 548/548/548 549/549/549 268/268/268
f 550/550/550 270/270/270 269/269/269
f 549/549/549 550/550/550 269/269/269
f 551/551/551 271/271/271 270/270/270
f 550/550/550 551/551/551 270/270/270
f 552/552/552 272/272/272 271/271/271
f 551/551/551 552/552/552 271/271/271
f 553/553/553 273/273/273 272/272/272
f 552/552/552 553/553/553 272/272/272
f 554/554/554 274/274/274 273/273/273
f 553/553/553 554/554/554 273/273/273
f 555/555/555 275/275/275 274/274/274
f 554/554/554 555/555/555 274/274/274
f 556/556/556 276/276/276 275/275/275
f 555/555/555 556/556/556 275/275/275
f 557/557/557 277/277/277 276/276/276
f 556/556/556 557/557/557 276/276/276
f 558/558/558 278/278/278 277/277/277
f 557/557/557 558/558/558 277/277/277
f 559/559/559 279/279/279 278/278/278
f 558/558/558 559/559/559 278/278/278
f 560/560/560 280/280/280 279/279/279
f 559/559/559 560/560/560 279/279/279
f 562/562/562 564/564/564 561/561/561
f 565/565/565 562/562/562 561/561/561
f 561/561/561 564/564/564 563/563/563
f 563/563/563 565/565/565 561/561/561
f 562/562/562 568/568/568 564/564/564
f 566/566/566 562/562/562 565/565/565
f 566/566/566 568/568/568 562/562/562
f 564/564/564 568/568/568 563/563/563
f 567/567/567 565/565/565 563/563/563
f 563/563/563 568/568/568 567/567/567
f 567/567/567 566/566/566 565/565/565
f 568/568/568 566/566/566 567/567/567
f 570/570/570 572/572/572 569/569/569
f 573/573/573 570/570/570 569/569/569
f 569/569/569 572/572/572 571/571/571
f 571/571/571 573/573/573 569/569/569
f 570/570/570 576/576/576 572/572/572
f 574/574/574 570/570/570 573/573/573
f 574/574/574 576/576/576 570/570/570
f 572/572/572 576/576/576 571/571/571
f 575/575/575 573/573/573 571/571/571
f 571/571/571 576/576/576 575/575/575
f 575/575/575 574/574/574 573/573/573
f 576/576/576 574/574/574 575/575/575
f 578/578/578 580/580/580 577/577/577
f 581/581/581 578/578/578 577/577/577
f 577/577/577 580/580/580 579/579/579
f 579/579/579 581/581/581 577/577/577
f 578/578/578 584/584/584 580/580/580
f 582/582/582 578/578/578 581/581/581
f 582/582/582 584/584/584 578/578/578
f 580/580/580 584/584/584 579/579/579
f 583/583/583 581/581/581 579/579/579
f 579/579/579 584/584/584 583/583/583
f 583/583/583 582/582/582 581/581/581
f 584/584/584 582/582/582 583/583/583
f 586/586/586 588/588/588 585/585/585
f 589/589/589 586/586/586 585/585/585
f 585/585/585 588/588/588 587/587/587
f 587/587/587 589/589/589 585/585/585
f 586/586/586 592/592/592 588/588/588
f 590/590/590 586/586/586 589/589/589
f 590/590/590 592/592/592 586/586/586
f 588/588/588 592/592/592 587/587/587
f 591/591/591 589/589/589 587/587/587
f 587/587/587 592/592/592 591/591/591
f 591/591/591 590/590/590 589/589/589
f 592/592/592 590/590/590 591/591/591
f 594/594/594 596/596/596 593/593/593
f 597/597/597 594/594/594 593/593/593
f 593/593/593 596/596/596 595/595/595
f 595/595/595 597/597/597 593/593/593
f 594/594/594 600/600/600 596/596/596
f 598/598/598 594/594/594 597/597/597
f 598/598/598 600/600/600 594/594/594
f 596/596/596 600/600/600 595/595/595
f 599/599/599 597/597/597 595/595/595
f 595/595/595 600/600/600 599/599/599
f 599/599/599 598/598/598 597/597/597
f 600/600/600 598/598/598 599/599/599
f 602/602/602 604/604/604 601/601/601
f 605/605/605 602/602/602 601/601/601
f 601/601/601 604/604/604 603/603/603
f 603/603/603 605/605/605 601/601/601
f 602/602/602 608/608/608 604/604/604
f 606/606/606 602/602/602 605/605/605
f 606/606/606 608/608/608 602/602/602
f 604/604/604 608/608/608 603/603/603
f 607/607/607 605/605/605 603/603/603
f 603/603/603 608/608/608 607/607/607
f 607/607/607 606/606/606 605/605/605
f 608/608/608 606/606/606 607/607/607
f 610/610/610 612/612/612 609/609/609
f 613/613/613 610/610/610 609/609/609
f 609/609/609 612/612/612 611/611/611
f 611/611/611 613/613/613 609/609/609
f 610/610/610 616/616/616 612/612/612
f 614/614/614 610/610/610 613/613/613
f 614/614/614 616/616/616 610/610/610
f 612/612/612 616/616/616 611/611/611
f 615/615/615 613/613/613 611/611/611
f 611/611/611 616/616/616 615/615/615
f 615/615/615 614/614/614 613/613/613
f 616/616/616 614/614/614 615/615/615
f 618/618/618 620/620/620 617/617/617
f 621/621/621 618/618/618 617/617/617
f 617/617/617 620/620/620 619/619/619
f 619/619/619 621/621/621 617/617/617
f 618/618/618 624/624/624 620/620/620
f 622/622/622 618/618/618 621/621/621
f 622/622/622 624/624/624 618/618/618
f 620/620/620 624/624/624 619/619/619
f 623/623/623 621/621/621 619/619/619
f 619/619/619 624/624/624 623/623/623
f 623/623/623 622/622/622 621/621/621
f 624/624/624 622/622/622 623/623/623
f 626/626/626 628/628/628 625/625/625
f 629/629/629 626/626/626 625/625/625
f 625/625/625 628/628/628 627/627/627
f 627/627/627 629/629/629 625/625/625
f 626/626/626 632/632/632 628/628/628
f 630/630/630 626/626/626 629/629/629
f 630/630/630 632/632/632 626/626/626
f 628/628/628 632/632/632 627/627/627
f 631/631/631 629/629/629 627/627/627
f 627/627/627 632/632/632 631/631/631
f 631/631/631 630/630/630 629/629/629
f 632/632/632 630/630/630 631/631/631
f 634/634/634 636/636/636 633/633/633
f 637/637/637 634/634/634 633/633/633
f 633/633/633 636/636/636 635/635/635
f 635/635/635 637/637/637 633/633/633
f 634/634/634 640/640/640 636/636/636
f 638/638/638 634/634/634 637/637/637
f 638/638/638 640/640/640 634/634/634
f 636/636/636 640/640/640 635/635/635
f 639/639/639 637/637/637 635/635/635
f 635/635/635 640/640/640 639/639/639
f 639/639/639 638/638/638 637/637/637
f 640/640/640 638/638/638 639/639/639
f 642/642/642 644/644/644 641/641/641
f 645/645/645 642/642/642 641/641/641
f 641/641/641 644/644/644 643/643/643
f 643/643/643 645/645/645 641/641/641
f 642/642/642 648/648/648 644/644/644
f 646/646/646 642/642/642 645/645/645
f 646/646/646 648/648/648 642/642/642
f 644/644/644 648/648/648 643/643/643
f 647/647/647 645/645/645 643/643/643
f 643/643/643 648/648/648 647/647/647
f 647/647/647 646/646/646 645/645/645
f 648/648/648 646/646/646 647/647/647
f 650/650/650 652/652/652 649/649/649
f 653/653/653 650/650/650 649/649/649
f 649/649/649 652/652/652 651/651/651
f 651/651/651 653/653/653 649/649/649
f 650/650/650 656/656/656 652/652/652
f 654/654/654 650/650/650 653/653/653
f 654/654/654 656/656/656 650/650/650
f 652/652/652 656/656/656 651/651/651
f 655/655/655 653/653/653 651/651/651
f 651/651/651 656/656/656 655/655/655
f 655/655/655 654/654/654 653/653/653
f 656/656/656 654/654/654 655/655/655
o ChromeFrame
usemtl Chrome
v -0.205000 0.040000 0.205000
v -0.206027 0.039021 0.193588
v -0.189027 0.429021 0.158588
v -0.188000 0.430000 0.170000
v -0.211611 0.039445 0.195607
v -0.194611 0.429445 0.160607
v -0.215424 0.040018 0.200142
v -0.198424 0.430018 0.165142
v -0.216443 0.040587 0.205979
v -0.199443 0.430587 0.170979
v -0.214397 0.040998 0.211554
v -0.197397 0.430998 0.176554
v -0.209832 0.041142 0.215373
v -0.192832 0.431142 0.180373
v -0.203973 0.040979 0.216412
v -0.186973 0.430979 0.181412
v -0.198389 0.040555 0.214393
v -0.181389 0.430555 0.179393
v -0.194576 0.039982 0.209858
v -0.177576 0.429982 0.174858
v -0.193557 0.039413 0.204021
v -0.176557 0.429413 0.169021
v -0.195603 0.039002 0.198446
v -0.178603 0.429002 0.163446
v -0.200168 0.038858 0.194627
v -0.183168 0.428858 0.159627
v -0.205000 0.040000 -0.190000
v -0.203710 0.041220 -0.201362
v -0.183710 0.439220 -0.156362
v -0.185000 0.438000 -0.145000
v -0.209589 0.041412 -0.200450
v -0.189589 0.439412 -0.155450
v -0.214239 0.041226 -0.196737
v -0.194239 0.439226 -0.151737
v -0.216413 0.040711 -0.191220
v -0.196413 0.438711 -0.146220
v -0.215529 0.040006 -0.185375
v -0.195529 0.438006 -0.140375
v -0.211824 0.039299 -0.180770
v -0.191824 0.437299 -0.135770
v -0.206290 0.038780 -0.178638
v -0.186290 0.436780 -0.133638
v -0.200411 0.038588 -0.179550
v -0.180411 0.436588 -0.134550
v -0.195761 0.038774 -0.183263
v -0.175761 0.436774 -0.138263
v -0.193587 0.039289 -0.188780
v -0.173587 0.437289 -0.143780
v -0.194471 0.039994 -0.194625
v -0.174471 0.437994 -0.149625
v -0.198176 0.040701 -0.199230
v -0.178176 0.438701 -0.154230
v -0.216500 0.040000 0.205000
v -0.216500 0.040000 -0.190000
v -0.214959 0.045750 0.205000
v -0.214959 0.045750 -0.190000
v -0.210750 0.049959 0.205000
v -0.210750 0.049959 -0.190000
v -0.205000 0.051500 0.205000
v -0.205000 0.051500 -0.190000
v -0.199250 0.049959 0.205000
v -0.199250 0.049959 -0.190000
v -0.195041 0.045750 0.205000
v -0.195041 0.045750 -0.190000
v -0.193500 0.040000 0.205000
v -0.193500 0.040000 -0.190000
v -0.195041 0.034250 0.205000
v -0.195041 0.034250 -0.190000
v -0.199250 0.030041 0.205000
v -0.199250 0.030041 -0.190000
v -0.205000 0.028500 0.205000
v -0.205000 0.028500 -0.190000
v -0.210750 0.030041 0.205000
v -0.210750 0.030041 -0.190000
v -0.214959 0.034250 0.205000
v -0.214959 0.034250 -0.190000
v 0.205000 0.040000 0.205000
v 0.203973 0.040979 0.216412
v 0.186973 0.430979 0.181412
v 0.188000 0.430000 0.170000
v 0.209832 0.041142 0.215373
v 0.192832 0.431142 0.180373
v 0.214397 0.040998 0.211554
v 0.197397 0.430998 0.176554
v 0.216443 0.040587 0.205979
v 0.199443 0.430587 0.170979
v 0.215424 0.040018 0.200142
v 0.198424 0.430018 0.165142
v 0.211611 0.039445 0.195607
v 0.194611 0.429445 0.160607
v 0.206027 0.039021 0.193588
v 0.189027 0.429021 0.158588
v 0.200168 0.038858 0.194627
v 0.183168 0.428858 0.159627
v 0.195603 0.039002 0.198446
v 0.178603 0.429002 0.163446
v 0.193557 0.039413 0.204021
v 0.176557 0.429413 0.169021
v 0.194576 0.039982 0.209858
v 0.177576 0.429982 0.174858
v 0.198389 0.040555 0.214393
v 0.181389 0.430555 0.179393
v 0.205000 0.040000 -0.190000
v 0.206290 0.038780 -0.178638
v 0.186290 0.436780 -0.133638
v 0.185000 0.438000 -0.145000
v 0.211824 0.039299 -0.180770
v 0.191824 0.437299 -0.135770
v 0.215529 0.040006 -0.185375
v 0.195529 0.438006 -0.140375
v 0.216413 0.040711 -0.191220
v 0.196413 0.438711 -0.146220
v 0.214239 0.041226 -0.196737
v 0.194239 0.439226 -0.151737
v 0.209589 0.041412 -0.200450
v 0.189589 0.439412 -0.155450
v 0.203710 0.041220 -0.201362
v 0.183710 0.439220 -0.156362
v 0.198176 0.040701 -0.199230
v 0.178176 0.438701 -0.154230
v 0.194471 0.039994 -0.194625
v 0.174471 0.437994 -0.149625
v 0.193587 0.039289 -0.188780
v 0.173587 0.437289 -0.143780
v 0.195761 0.038774 -0.183263
v 0.175761 0.436774 -0.138263
v 0.200411 0.038588 -0.179550
v 0.180411 0.436588 -0.134550
v 0.193500 0.040000 0.205000
v 0.193500 0.040000 -0.190000
v 0.195041 0.045750 0.205000
v 0.195041 0.045750 -0.190000
v 0.199250 0.049959 0.205000
v 0.199250 0.049959 -0.190000
v 0.205000 0.051500 0.205000
v 0.205000 0.051500 -0.190000
v 0.210750 0.049959 0.205000
v 0.210750 0.049959 -0.190000
v 0.214959 0.045750 0.205000
v 0.214959 0.045750 -0.190000
v 0.216500 0.040000 0.205000
v 0.216500 0.040000 -0.190000
v 0.214959 0.034250 0.205000
v 0.214959 0.034250 -0.190000
v 0.210750 0.030041 0.205000
v 0.210750 0.030041 -0.190000
v 0.205000 0.028500 0.205000
v 0.205000 0.028500 -0.190000
v 0.199250 0.030041 0.205000
v 0.199250 0.030041 -0.190000
v 0.195041 0.034250 0.205000
v 0.195041 0.034250 -0.190000
v -0.188000 0.430000 0.159650
v 0.188000 0.430000 0.159650
v -0.188000 0.435175 0.161037
v 0.188000 0.435175 0.161037
v -0.188000 0.438963 0.164825
v 0.188000 0.438963 0.164825
v -0.188000 0.440350 0.170000
v 0.188000 0.440350 0.170000
v -0.188000 0.438963 0.175175
v 0.188000 0.438963 0.175175
v -0.188000 0.435175 0.178963
v 0.188000 0.435175 0.178963
v -0.188000 0.430000 0.180350
v 0.188000 0.430000 0.180350
v -0.188000 0.424825 0.178963
v 0.188000 0.424825 0.178963
v -0.188000 0.421037 0.175175
v 0.188000 0.421037 0.175175
v -0.188000 0.419650 0.170000
v 0.188000 0.419650 0.170000
v -0.188000 0.421037 0.164825
v 0.188000 0.421037 0.164825
v -0.188000 0.424825 0.161037
v 0.188000 0.424825 0.161037
v -0.185000 0.438000 -0.155350
v 0.185000 0.438000 -0.155350
v -0.185000 0.443175 -0.153963
v 0.185000 0.443175 -0.153963
v -0.185000 0.446963 -0.150175
v 0.185000 0.446963 -0.150175
v -0.185000 0.448350 -0.145000
v 0.185000 0.448350 -0.145000
v -0.185000 0.446963 -0.139825
v 0.185000 0.446963 -0.139825
v -0.185000 0.443175 -0.136037
v 0.185000 0.443175 -0.136037
v -0.185000 0.438000 -0.134650
v 0.185000 0.438000 -0.134650
v -0.185000 0.432825 -0.136037
v 0.185000 0.432825 -0.136037
v -0.185000 0.429037 -0.139825
v 0.185000 0.429037 -0.139825
v -0.185000 0.427650 -0.145000
v 0.185000 0.427650 -0.145000
v -0.185000 0.429037 -0.150175
v 0.185000 0.429037 -0.150175
v -0.185000 0.432825 -0.153963
v 0.185000 0.432825 -0.153963
v -0.197197 0.429769 0.169907
v -0.194197 0.437769 -0.145093
v -0.196081 0.434397 0.170035
v -0.193081 0.442397 -0.144965
v -0.192801 0.437847 0.170154
v -0.189801 0.445847 -0.144846
v -0.188234 0.439194 0.170231
v -0.185234 0.447194 -0.144769
v -0.183604 0.438078 0.170247
v -0.180604 0.446078 -0.144753
v -0.180152 0.434797 0.170197
v -0.177152 0.442797 -0.144803
v -0.178803 0.430231 0.170093
v -0.175803 0.438231 -0.144907
v -0.179919 0.425603 0.169965
v -0.176919 0.433603 -0.145035
v -0.183199 0.422153 0.169846
v -0.180199 0.430153 -0.145154
v -0.187766 0.420806 0.169769
v -0.184766 0.428806 -0.145231
v -0.192396 0.421922 0.169753
v -0.189396 0.429922 -0.145247
v -0.195848 0.425203 0.169803
v -0.192848 0.433203 -0.145197
v 0.178803 0.430231 0.170093
v 0.175803 0.438231 -0.144907
v 0.180152 0.434797 0.170197
v 0.177152 0.442797 -0.144803
v 0.183604 0.438078 0.170247
v 0.180604 0.446078 -0.144753
v 0.188234 0.439194 0.170231
v 0.185234 0.447194 -0.144769
v 0.192801 0.437847 0.170154
v 0.189801 0.445847 -0.144846
v 0.196081 0.434397 0.170035
v 0.193081 0.442397 -0.144965
v 0.197197 0.429769 0.169907
v 0.194197 0.437769 -0.145093
v 0.195848 0.425203 0.169803
v 0.192848 0.433203 -0.145197
v 0.192396 0.421922 0.169753
v 0.189396 0.429922 -0.145247
v 0.187766 0.420806 0.169769
v 0.184766 0.428806 -0.145231
v 0.183199 0.422153 0.169846
v 0.180199 0.430153 -0.145154
v 0.179919 0.425603 0.169965
v 0.176919 0.433603 -0.145035
vt 0.026559 0.017512
vt 0.024187 0.027677
vt 0.063448 0.657312
vt 0.065820 0.647147
vt 0.011291 0.026261
vt 0.050552 0.655897
vt 0.002486 0.022502
vt 0.041747 0.652137
vt 0.000131 0.017405
vt 0.039392 0.647041
vt 0.004858 0.012337
vt 0.044119 0.641973
vt 0.015399 0.008656
vt 0.054660 0.638291
vt 0.028931 0.007347
vt 0.068192 0.636983
vt 0.041827 0.008763
vt 0.081088 0.638398
vt 0.050632 0.012522
vt 0.089893 0.642158
vt 0.052987 0.017619
vt 0.092248 0.647254
vt 0.048260 0.022687
vt 0.087521 0.652322
vt 0.037719 0.026368
vt 0.076980 0.656004
vt 0.026559 0.420958
vt 0.029539 0.434420
vt 0.075728 0.994528
vt 0.072748 0.981065
vt 0.015961 0.433781
vt 0.062150 0.993889
vt 0.005222 0.429706
vt 0.051412 0.989814
vt 0.000201 0.423287
vt 0.046390 0.983394
vt 0.002242 0.416244
vt 0.048432 0.976351
vt 0.010799 0.410464
vt 0.056988 0.970571
vt 0.023579 0.407495
vt 0.069768 0.967603
vt 0.037157 0.408134
vt 0.083346 0.968242
vt 0.047895 0.412209
vt 0.094085 0.972317
vt 0.052917 0.418629
vt 0.099106 0.978736
vt 0.050876 0.425672
vt 0.097065 0.985779
vt 0.042319 0.431452
vt 0.088508 0.991559
vt 0.000000 0.017512
vt 0.000000 0.420958
vt 0.003558 0.026268
vt 0.003558 0.429714
vt 0.013279 0.032678
vt 0.013279 0.436124
vt 0.026559 0.035024
vt 0.026559 0.438470
vt 0.039838 0.032678
vt 0.039838 0.436124
vt 0.049560 0.026268
vt 0.049560 0.429714
vt 0.053118 0.017512
vt 0.053118 0.420958
vt 0.049560 0.008756
vt 0.049560 0.412202
vt 0.039838 0.002346
vt 0.039838 0.405792
vt 0.026559 0.000000
vt 0.026559 0.403446
vt 0.013279 0.002346
vt 0.013279 0.405792
vt 0.003558 0.008756
vt 0.003558 0.412202
vt 0.973441 0.017512
vt 0.971069 0.007347
vt 0.931808 0.636983
vt 0.934180 0.647147
vt 0.984601 0.008656
vt 0.945340 0.638291
vt 0.995142 0.012337
vt 0.955881 0.641973
vt 0.999869 0.017405
vt 0.960608 0.647041
vt 0.997514 0.022502
vt 0.958253 0.652137
vt 0.988709 0.026261
vt 0.949448 0.655897
vt 0.975813 0.027677
vt 0.936552 0.657312
vt 0.962281 0.026368
vt 0.923020 0.656004
vt 0.951740 0.022687
vt 0.912479 0.652322
vt 0.947013 0.017619
vt 0.907752 0.647254
vt 0.949368 0.012522
vt 0.910107 0.642158
vt 0.958173 0.008763
vt 0.918912 0.638398
vt 0.973441 0.420958
vt 0.976421 0.407495
vt 0.930232 0.967603
vt 0.927252 0.981065
vt 0.989201 0.410464
vt 0.943012 0.970571
vt 0.997758 0.416244
vt 0.951568 0.976351
vt 0.999799 0.423287
vt 0.953610 0.983394
vt 0.994778 0.429706
vt 0.948588 0.989814
vt 0.984039 0.433781
vt 0.937850 0.993889
vt 0.970461 0.434420
vt 0.924272 0.994528
vt 0.957681 0.431452
vt 0.911492 0.991559
vt 0.949124 0.425672
vt 0.902935 0.985779
vt 0.947083 0.418629
vt 0.900894 0.978736
vt 0.952105 0.412209
vt 0.905915 0.972317
vt 0.962843 0.408134
vt 0.916654 0.968242
vt 0.946882 0.017512
vt 0.946882 0.420958
vt 0.950440 0.026268
vt 0.950440 0.429714
vt 0.960162 0.032678
vt 0.960162 0.436124
vt 0.973441 0.035024
vt 0.973441 0.438470
vt 0.986721 0.032678
vt 0.986721 0.436124
vt 0.996442 0.026268
vt 0.996442 0.429714
vt 1.000000 0.017512
vt 1.000000 0.420958
vt 0.996442 0.008756
vt 0.996442 0.412202
vt 0.986721 0.002346
vt 0.986721 0.405792
vt 0.973441 0.000000
vt 0.973441 0.403446
vt 0.960162 0.002346
vt 0.960162 0.405792
vt 0.950440 0.008756
vt 0.950440 0.412202
vt 0.065820 0.657719
vt 0.934180 0.657719
vt 0.065820 0.664183
vt 0.934180 0.664183
vt 0.065820 0.666082
vt 0.934180 0.666082
vt 0.065820 0.662908
vt 0.934180 0.662908
vt 0.065820 0.655511
vt 0.934180 0.655511
vt 0.065820 0.645873
vt 0.934180 0.645873
vt 0.065820 0.636576
vt 0.934180 0.636576
vt 0.065820 0.630112
vt 0.934180 0.630112
vt 0.065820 0.628213
vt 0.934180 0.628213
vt 0.065820 0.631387
vt 0.934180 0.631387
vt 0.065820 0.638784
vt 0.934180 0.638784
vt 0.065820 0.648422
vt 0.934180 0.648422
vt 0.072748 0.991636
vt 0.927252 0.991636
vt 0.072748 0.998100
vt 0.927252 0.998100
vt 0.072748 1.000000
vt 0.927252 1.000000
vt 0.072748 0.996826
vt 0.927252 0.996826
vt 0.072748 0.989429
vt 0.927252 0.989429
vt 0.072748 0.979790
vt 0.927252 0.979790
vt 0.072748 0.970494
vt 0.927252 0.970494
vt 0.072748 0.964030
vt 0.927252 0.964030
vt 0.072748 0.962130
vt 0.927252 0.962130
vt 0.072748 0.965304
vt 0.927252 0.965304
vt 0.072748 0.972701
vt 0.927252 0.972701
vt 0.072748 0.982340
vt 0.927252 0.982340
vt 0.044581 0.646891
vt 0.051509 0.980808
vt 0.047156 0.653807
vt 0.054085 0.987725
vt 0.054733 0.658940
vt 0.061661 0.992857
vt 0.065280 0.660912
vt 0.072209 0.994830
vt 0.075972 0.659196
vt 0.082901 0.993114
vt 0.083944 0.654252
vt 0.090872 0.988170
vt 0.087059 0.647404
vt 0.093988 0.981322
vt 0.084483 0.640488
vt 0.091412 0.974405
vt 0.076907 0.635355
vt 0.083835 0.969273
vt 0.066359 0.633383
vt 0.073288 0.967301
vt 0.055667 0.635099
vt 0.062596 0.969016
vt 0.047696 0.640043
vt 0.054624 0.973960
vt 0.912941 0.647404
vt 0.906012 0.981322
vt 0.916056 0.654252
vt 0.909128 0.988170
vt 0.924028 0.659196
vt 0.917099 0.993114
vt 0.934720 0.660912
vt 0.927791 0.994830
vt 0.945267 0.658940
vt 0.938339 0.992857
vt 0.952844 0.653807
vt 0.945915 0.987725
vt 0.955419 0.646891
vt 0.948491 0.980808
vt 0.952304 0.640043
vt 0.945376 0.973960
vt 0.944333 0.635099
vt 0.937404 0.969016
vt 0.933641 0.633383
vt 0.926712 0.967301
vt 0.923093 0.635355
vt 0.916165 0.969273
vt 0.915517 0.640488
vt 0.908588 0.974405
vn -0.029386 -0.674156 0.738004
vn -0.095948 -0.714484 -0.693042
vn -0.039281 0.585516 -0.809709
vn -0.587716 0.589861 0.553764
vn -0.463600 -0.686530 -0.560135
vn -0.406934 0.613469 -0.676802
vn -0.714623 -0.648788 -0.261510
vn -0.657957 0.651211 -0.378176
vn -0.781755 -0.611371 0.122817
vn -0.725089 0.688628 0.006150
vn -0.647008 -0.584305 0.489866
vn -0.590342 0.715695 0.373199
vn -0.346488 -0.574841 0.741285
vn -0.289821 0.725159 0.624619
vn 0.039281 -0.585516 0.809709
vn 0.095948 0.714484 0.693042
vn 0.406934 -0.613469 0.676802
vn 0.463600 0.686530 0.560135
vn 0.657957 -0.651211 0.378176
vn 0.714623 0.648788 0.261510
vn 0.725089 -0.688628 -0.006150
vn 0.781755 0.611371 -0.122817
vn 0.590342 -0.715695 -0.373199
vn 0.647008 0.584305 -0.489866
vn 0.289821 -0.725159 -0.624619
vn 0.346488 0.574841 -0.741285
vn -0.033438 -0.665415 -0.745724
vn 0.052384 -0.567971 -0.821380
vn 0.117538 0.728596 -0.674783
vn -0.571567 0.618485 -0.539248
vn -0.334715 -0.555310 -0.761313
vn -0.269561 0.741257 -0.614716
vn -0.640856 -0.567561 -0.516892
vn -0.575702 0.729005 -0.370295
vn -0.784009 -0.601442 -0.153611
vn -0.718855 0.695124 -0.007014
vn -0.725817 -0.647874 0.231190
vn -0.660663 0.648692 0.377786
vn -0.481872 -0.694416 0.534403
vn -0.416717 0.602151 0.681000
vn -0.117538 -0.728596 0.674783
vn -0.052384 0.567971 0.821380
vn 0.269561 -0.741257 0.614716
vn 0.334715 0.555310 0.761313
vn 0.575702 -0.729005 0.370295
vn 0.640856 0.567561 0.516892
vn 0.718855 -0.695124 0.007014
vn 0.784009 0.601442 0.153611
vn 0.660663 -0.648692 -0.377786
vn 0.725817 0.647874 -0.231190
vn 0.416717 -0.602151 -0.681000
vn 0.481872 0.694416 -0.534403
vn -0.757162 -0.000000 0.653227
vn -0.757162 0.000000 -0.653227
vn -0.655722 0.378581 0.653227
vn -0.655722 0.378581 -0.653227
vn -0.378581 0.655722 0.653227
vn -0.378581 0.655722 -0.653227
vn -0.000000 0.757162 0.653227
vn 0.000000 0.757162 -0.653227
vn 0.378581 0.655722 0.653227
vn 0.378581 0.655722 -0.653227
vn 0.655722 0.378581 0.653227
vn 0.655722 0.378581 -0.653227
vn 0.757162 0.000000 0.653227
vn 0.757162 -0.000000 -0.653227
vn 0.655722 -0.378581 0.653227
vn 0.655722 -0.378581 -0.653227
vn 0.378581 -0.655722 0.653227
vn 0.378581 -0.655722 -0.653227
vn 0.000000 -0.757162 0.653227
vn 0.000000 -0.757162 -0.653227
vn -0.378581 -0.655722 0.653227
vn -0.378581 -0.655722 -0.653227
vn -0.655722 -0.378581 0.653227
vn -0.655722 -0.378581 -0.653227
vn 0.029386 -0.674156 0.738004
vn -0.039281 -0.585516 0.809709
vn -0.095948 0.714484 0.693042
vn 0.587716 0.589861 0.553764
vn 0.346488 -0.574841 0.741285
vn 0.289821 0.725159 0.624619
vn 0.647008 -0.584305 0.489866
vn 0.590342 0.715695 0.373199
vn 0.781755 -0.611371 0.122817
vn 0.725089 0.688628 0.006150
vn 0.714623 -0.648788 -0.261510
vn 0.657957 0.651211 -0.378176
vn 0.463600 -0.686530 -0.560135
vn 0.406934 0.613469 -0.676802
vn 0.095948 -0.714484 -0.693042
vn 0.039281 0.585516 -0.809709
vn -0.289821 -0.725159 -0.624619
vn -0.346488 0.574841 -0.741285
vn -0.590342 -0.715695 -0.373199
vn -0.647008 0.584305 -0.489866
vn -0.725089 -0.688628 -0.006150
vn -0.781755 0.611371 -0.122817
vn -0.657957 -0.651211 0.378176
vn -0.714623 0.648788 0.261510
vn -0.406934 -0.613469 0.676802
vn -0.463600 0.686530 0.560135
vn 0.033438 -0.665415 -0.745724
vn 0.117538 -0.728596 0.674783
vn 0.052384 0.567971 0.821380
vn 0.571567 0.618485 -0.539248
vn 0.481872 -0.694416 0.534403
vn 0.416717 0.602151 0.681000
vn 0.725817 -0.647874 0.231190
vn 0.660663 0.648692 0.377786
vn 0.784009 -0.601442 -0.153611
vn 0.718855 0.695124 -0.007014
vn 0.640856 -0.567561 -0.516892
vn 0.575702 0.729005 -0.370295
vn 0.334715 -0.555310 -0.761313
vn 0.269561 0.741257 -0.614716
vn -0.052384 -0.567971 -0.821380
vn -0.117538 0.728596 -0.674783
vn -0.416717 -0.602151 -0.681000
vn -0.481872 0.694416 -0.534403
vn -0.660663 -0.648692 -0.377786
vn -0.725817 0.647874 -0.231190
vn -0.718855 -0.695124 0.007014
vn -0.784009 0.601442 0.153611
vn -0.575702 -0.729005 0.370295
vn -0.640856 0.567561 0.516892
vn -0.269561 -0.741257 0.614716
vn -0.334715 0.555310 0.761313
vn -0.757162 -0.000000 0.653227
vn -0.757162 0.000000 -0.653227
vn -0.655722 0.378581 0.653227
vn -0.655722 0.378581 -0.653227
vn -0.378581 0.655722 0.653227
vn -0.378581 0.655722 -0.653227
vn -0.000000 0.757162 0.653227
vn 0.000000 0.757162 -0.653227
vn 0.378581 0.655722 0.653227
vn 0.378581 0.655722 -0.653227
vn 0.655722 0.378581 0.653227
vn 0.655722 0.378581 -0.653227
vn 0.757162 0.000000 0.653227
vn 0.757162 -0.000000 -0.653227
vn 0.655722 -0.378581 0.653227
vn 0.655722 -0.378581 -0.653227
vn 0.378581 -0.655722 0.653227
vn 0.378581 -0.655722 -0.653227
vn 0.000000 -0.757162 0.653227
vn 0.000000 -0.757162 -0.653227
vn -0.378581 -0.655722 0.653227
vn -0.378581 -0.655722 -0.653227
vn -0.655722 -0.378581 0.653227
vn -0.655722 -0.378581 -0.653227
vn -0.653227 0.000000 -0.757162
vn 0.653227 -0.000000 -0.757162
vn -0.653227 0.378581 -0.655722
vn 0.653227 0.378581 -0.655722
vn -0.653227 0.655722 -0.378581
vn 0.653227 0.655722 -0.378581
vn -0.653227 0.757162 0.000000
vn 0.653227 0.757162 0.000000
vn -0.653227 0.655722 0.378581
vn 0.653227 0.655722 0.378581
vn -0.653227 0.378581 0.655722
vn 0.653227 0.378581 0.655722
vn -0.653227 -0.000000 0.757162
vn 0.653227 0.000000 0.757162
vn -0.653227 -0.378581 0.655722
vn 0.653227 -0.378581 0.655722
vn -0.653227 -0.655722 0.378581
vn 0.653227 -0.655722 0.378581
vn -0.653227 -0.757162 -0.000000
vn 0.653227 -0.757162 -0.000000
vn -0.653227 -0.655722 -0.378581
vn 0.653227 -0.655722 -0.378581
vn -0.653227 -0.378581 -0.655722
vn 0.653227 -0.378581 -0.655722
vn -0.653227 0.000000 -0.757162
vn 0.653227 -0.000000 -0.757162
vn -0.653227 0.378581 -0.655722
vn 0.653227 0.378581 -0.655722
vn -0.653227 0.655722 -0.378581
vn 0.653227 0.655722 -0.378581
vn -0.653227 0.757162 0.000000
vn 0.653227 0.757162 0.000000
vn -0.653227 0.655722 0.378581
vn 0.653227 0.655722 0.378581
vn -0.653227 0.378581 0.655722
vn 0.653227 0.378581 0.655722
vn -0.653227 -0.000000 0.757162
vn 0.653227 0.000000 0.757162
vn -0.653227 -0.378581 0.655722
vn 0.653227 -0.378581 0.655722
vn -0.653227 -0.655722 0.378581
vn 0.653227 -0.655722 0.378581
vn -0.653227 -0.757162 -0.000000
vn 0.653227 -0.757162 -0.000000
vn -0.653227 -0.655722 -0.378581
vn 0.653227 -0.655722 -0.378581
vn -0.653227 -0.378581 -0.655722
vn 0.653227 -0.378581 -0.655722
vn -0.763103 -0.035618 0.645295
vn -0.750665 -0.002450 -0.660678
vn -0.671311 0.345272 0.655842
vn -0.658873 0.378439 -0.650131
vn -0.401308 0.629202 0.665625
vn -0.388870 0.662370 -0.640348
vn -0.025441 0.740095 0.672021
vn -0.013004 0.773263 -0.633952
vn 0.355576 0.648236 0.673317
vn 0.368014 0.681404 -0.632657
vn 0.639651 0.378240 0.669165
vn 0.652088 0.411407 -0.636808
vn 0.750665 0.002450 0.660678
vn 0.763103 0.035618 -0.645295
vn 0.658873 -0.378439 0.650131
vn 0.671311 -0.345272 -0.655842
vn 0.388870 -0.662370 0.640348
vn 0.401308 -0.629202 -0.665625
vn 0.013004 -0.773263 0.633952
vn 0.025441 -0.740095 -0.672021
vn -0.368014 -0.681404 0.632657
vn -0.355576 -0.648236 -0.673317
vn -0.652088 -0.411407 0.636808
vn -0.639651 -0.378240 -0.669165
vn -0.750665 0.002450 0.660678
vn -0.763103 0.035618 -0.645295
vn -0.639651 0.378240 0.669165
vn -0.652088 0.411407 -0.636808
vn -0.355576 0.648236 0.673317
vn -0.368014 0.681404 -0.632657
vn 0.025441 0.740095 0.672021
vn 0.013004 0.773263 -0.633952
vn 0.401308 0.629202 0.665625
vn 0.388870 0.662370 -0.640348
vn 0.671311 0.345272 0.655842
vn 0.658873 0.378439 -0.650131
vn 0.763103 -0.035618 0.645295
vn 0.750665 -0.002450 -0.660678
vn 0.652088 -0.411407 0.636808
vn 0.639651 -0.378240 -0.669165
vn 0.368014 -0.681404 0.632657
vn 0.355576 -0.648236 -0.673317
vn -0.013004 -0.773263 0.633952
vn -0.025441 -0.740095 -0.672021
vn -0.388870 -0.662370 0.640348
vn -0.401308 -0.629202 -0.665625
vn -0.658873 -0.378439 0.650131
vn -0.671311 -0.345272 -0.655842
f 658/658/658 657/657/657 661/661/661
f 658/658/658 661/661/661 659/659/659
f 659/659/659 661/661/661 662/662/662
f 659/659/659 662/662/662 660/660/660
f 661/661/661 657/657/657 663/663/663
f 661/661/661 663/663/663 662/662/662
f 662/662/662 663/663/663 664/664/664
f 662/662/662 664/664/664 660/660/660
f 663/663/663 657/657/657 665/665/665
f 663/663/663 665/665/665 664/664/664
f 664/664/664 665/665/665 666/666/666
f 664/664/664 666/666/666 660/660/660
f 665/665/665 657/657/657 667/667/667
f 665/665/665 667/667/667 666/666/666
f 666/666/666 667/667/667 668/668/668
f 666/666/666 668/668/668 660/660/660
f 667/667/667 657/657/657 669/669/669
f 667/667/667 669/669/669 668/668/668
f 668/668/668 669/669/669 670/670/670
f 668/668/668 670/670/670 660/660/660
f 669/669/669 657/657/657 671/671/671
f 669/669/669 671/671/671 670/670/670
f 670/670/670 671/671/671 672/672/672
f 670/670/670 672/672/672 660/660/660
f 671/671/671 657/657/657 673/673/673
f 671/671/671 673/673/673 672/672/672
f 672/672/672 673/673/673 674/674/674
f 672/672/672 674/674/674 660/660/660
f 673/673/673 657/657/657 675/675/675
f 673/673/673 675/675/675 674/674/674
f 674/674/674 675/675/675 676/676/676
f 674/674/674 676/676/676 660/660/660
f 675/675/675 657/657/657 677/677/677
f 675/675/675 677/677/677 676/676/676
f 676/676/676 677/677/677 678/678/678
f 676/676/676 678/678/678 660/660/660
f 677/677/677 657/657/657 679/679/679
f 677/677/677 679/679/679 678/678/678
f 678/678/678 679/679/679 680/680/680
f 678/678/678 680/680/680 660/660/660
f 679/679/679 657/657/657 681/681/681
f 679/679/679 681/681/681 680/680/680
f 680/680/680 681/681/681 682/682/682
f 680/680/680 682/682/682 660/660/660
f 681/681/681 657/657/657 658/658/658
f 681/681/681 658/658/658 682/682/682
f 682/682/682 658/658/658 659/659/659
f 682/682/682 659/659/659 660/660/660
f 684/684/684 683/683/683 687/687/687
f 684/684/684 687/687/687 685/685/685
f 685/685/685 687/687/687 688/688/688
f 685/685/685 688/688/688 686/686/686
f 687/687/687 683/683/683 689/689/689
f 687/687/687 689/689/689 688/688/688
f 688/688/688 689/689/689 690/690/690
f 688/688/688 690/690/690 686/686/686
f 689/689/689 683/683/683 691/691/691
f 689/689/689 691/691/691 690/690/690
f 690/690/690 691/691/691 692/692/692
f 690/690/690 692/692/692 686/686/686
f 691/691/691 683/683/683 693/693/693
f 691/691/691 693/693/693 692/692/692
f 692/692/692 693/693/693 694/694/694
f 692/692/692 694/694/694 686/686/686
f 693/693/693 683/683/683 695/695/695
f 693/693/693 695/695/695 694/694/694
f 694/694/694 695/695/695 696/696/696
f 694/694/694 696/696/696 686/686/686
f 695/695/695 683/683/683 697/697/697
f 695/695/695 697/697/697 696/696/696
f 696/696/696 697/697/697 698/698/698
f 696/696/696 698/698/698 686/686/686
f 697/697/697 683/683/683 699/699/699
f 697/697/697 699/699/699 698/698/698
f 698/698/698 699/699/699 700/700/700
f 698/698/698 700/700/700 686/686/686
f 699/699/699 683/683/683 701/701/701
f 699/699/699 701/701/701 700/700/700
f 700/700/700 701/701/701 702/702/702
f 700/700/700 702/702/702 686/686/686
f 701/701/701 683/683/683 703/703/703
f 701/701/701 703/703/703 702/702/702
f 702/702/702 703/703/703 704/704/704
f 702/702/702 704/704/704 686/686/686
f 703/703/703 683/683/683 705/705/705
f 703/703/703 705/705/705 704/704/704
f 704/704/704 705/705/705 706/706/706
f 704/704/704 706/706/706 686/686/686
f 705/705/705 683/683/683 707/707/707
f 705/705/705 707/707/707 706/706/706
f 706/706/706 707/707/707 708/708/708
f 706/706/706 708/708/708 686/686/686
f 707/707/707 683/683/683 684/684/684
f 707/707/707 684/684/684 708/708/708
f 708/708/708 684/684/684 685/685/685
f 708/708/708 685/685/685 686/686/686
f 709/709/709 657/657/657 711/711/711
f 709/709/709 711/711/711 710/710/710
f 710/710/710 711/711/711 712/712/712
f 710/710/710 712/712/712 683/683/683
f 711/711/711 657/657/657 713/713/713
f 711/711/711 713/713/713 712/712/712
f 712/712/712 713/713/713 714/714/714
f 712/712/712 714/714/714 683/683/683
f 713/713/713 657/657/657 715/715/715
f 713/713/713 715/715/715 714/714/714
f 714/714/714 715/715/715 716/716/716
f 714/714/714 716/716/716 683/683/683
f 715/715/715 657/657/657 717/717/717
f 715/715/715 717/717/717 716/716/716
f 716/716/716 717/717/717 718/718/718
f 716/716/716 718/718/718 683/683/683
f 717/717/717 657/657/657 719/719/719
f 717/717/717 719/719/719 718/718/718
f 718/718/718 719/719/719 720/720/720
f 718/718/718 720/720/720 683/683/683
f 719/719/719 657/657/657 721/721/721
f 719/719/719 721/721/721 720/720/720
f 720/720/720 721/721/721 722/722/722
f 720/720/720 722/722/722 683/683/683
f 721/721/721 657/657/657 723/723/723
f 721/721/721 723/723/723 722/722/722
f 722/722/722 723/723/723 724/724/724
f 722/722/722 724/724/724 683/683/683
f 723/723/723 657/657/657 725/725/725
f 723/723/723 725/725/725 724/724/724
f 724/724/724 725/725/725 726/726/726
f 724/724/724 726/726/726 683/683/683
f 725/725/725 657/657/657 727/727/727
f 725/725/725 727/727/727 726/726/726
f 726/726/726 727/727/727 728/728/728
f 726/726/726 728/728/728 683/683/683
f 727/727/727 657/657/657 729/729/729
f 727/727/727 729/729/729 728/728/728
f 728/728/728 729/729/729 730/730/730
f 728/728/728 730/730/730 683/683/683
f 729/729/729 657/657/657 731/731/731
f 729/729/729 731/731/731 730/730/730
f 730/730/730 731/731/731 732/732/732
f 730/730/730 732/732/732 683/683/683
f 731/731/731 657/657/657 709/709/709
f 731/731/731 709/709/709 732/732/732
f 732/732/732 709/709/709 710/710/710
f 732/732/732 710/710/710 683/683/683
f 734/734/734 733/733/733 737/737/737
f 734/734/734 737/737/737 735/735/735
f 735/735/735 737/737/737 738/738/738
f 735/735/735 738/738/738 736/736/736
f 737/737/737 733/733/733 739/739/739
f 737/737/737 739/739/739 738/738/738
f 738/738/738 739/739/739 740/740/740
f 738/738/738 740/740/740 736/736/736
f 739/739/739 733/733/733 741/741/741
f 739/739/739 741/741/741 740/740/740
f 740/740/740 741/741/741 742/742/742
f 740/740/740 742/742/742 736/736/736
f 741/741/741 733/733/733 743/743/743
f 741/741/741 743/743/743 742/742/742
f 742/742/742 743/743/743 744/744/744
f 742/742/742 744/744/744 736/736/736
f 743/743/743 733/733/733 745/745/745
f 743/743/743 745/745/745 744/744/744
f 744/744/744 745/745/745 746/746/746
f 744/744/744 746/746/746 736/736/736
f 745/745/745 733/733/733 747/747/747
f 745/745/745 747/747/747 746/746/746
f 746/746/746 747/747/747 748/748/748
f 746/746/746 748/748/748 736/736/736
f 747/747/747 733/733/733 749/749/749
f 747/747/747 749/749/749 748/748/748
f 748/748/748 749/749/749 750/750/750
f 748/748/748 750/750/750 736/736/736
f 749/749/749 733/733/733 751/751/751
f 749/749/749 751/751/751 750/750/750
f 750/750/750 751/751/751 752/752/752
f 750/750/750 752/752/752 736/736/736
f 751/751/751 733/733/733 753/753/753
f 751/751/751 753/753/753 752/752/752
f 752/752/752 753/753/753 754/754/754
f 752/752/752 754/754/754 736/736/736
f 753/753/753 733/733/733 755/755/755
f 753/753/753 755/755/755 754/754/754
f 754/754/754 755/755/755 756/756/756
f 754/754/754 756/756/756 736/736/736
f 755/755/755 733/733/733 757/757/757
f 755/755/755 757/757/757 756/756/756
f 756/756/756 757/757/757 758/758/758
f 756/756/756 758/758/758 736/736/736
f 757/757/757 733/733/733 734/734/734
f 757/757/757 734/734/734 758/758/758
f 758/758/758 734/734/734 735/735/735
f 758/758/758 735/735/735 736/736/736
f 760/760/760 759/759/759 763/763/763
f 760/760/760 763/763/763 761/761/761
f 761/761/761 763/763/763 764/764/764
f 761/761/761 764/764/764 762/762/762
f 763/763/763 759/759/759 765/765/765
f 763/763/763 765/765/765 764/764/764
f 764/764/764 765/765/765 766/766/766
f 764/764/764 766/766/766 762/762/762
f 765/765/765 759/759/759 767/767/767
f 765/765/765 767/767/767 766/766/766
f 766/766/766 767/767/767 768/768/768
f 766/766/766 768/768/768 762/762/762
f 767/767/767 759/759/759 769/769/769
f 767/767/767 769/769/769 768/768/768
f 768/768/768 769/769/769 770/770/770
f 768/768/768 770/770/770 762/762/762
f 769/769/769 759/759/759 771/771/771
f 769/769/769 771/771/771 770/770/770
f 770/770/770 771/771/771 772/772/772
f 770/770/770 772/772/772 762/762/762
f 771/771/771 759/759/759 773/773/773
f 771/771/771 773/773/773 772/772/772
f 772/772/772 773/773/773 774/774/774
f 772/772/772 774/774/774 762/762/762
f 773/773/773 759/759/759 775/775/775
f 773/773/773 775/775/775 774/774/774
f 774/774/774 775/775/775 776/776/776
f 774/774/774 776/776/776 762/762/762
f 775/775/775 759/759/759 777/777/777
f 775/775/775 777/777/777 776/776/776
f 776/776/776 777/777/777 778/778/778
f 776/776/776 778/778/778 762/762/762
f 777/777/777 759/759/759 779/779/779
f 777/777/777 779/779/779 778/778/778
f 778/778/778 779/779/779 780/780/780
f 778/778/778 780/780/780 762/762/762
f 779/779/779 759/759/759 781/781/781
f 779/779/779 781/781/781 780/780/780
f 780/780/780 781/781/781 782/782/782
f 780/780/780 782/782/782 762/762/762
f 781/781/781 759/759/759 783/783/783
f 781/781/781 783/783/783 782/782/782
f 782/782/782 783/783/783 784/784/784
f 782/782/782 784/784/784 762/762/762
f 783/783/783 759/759/759 760/760/760
f 783/783/783 760/760/760 784/784/784
f 784/784/784 760/760/760 761/761/761
f 784/784/784 761/761/761 762/762/762
f 785/785/785 733/733/733 787/787/787
f 785/785/785 787/787/787 786/786/786
f 786/786/786 787/787/787 788/788/788
f 786/786/786 788/788/788 759/759/759
f 787/787/787 733/733/733 789/789/789
f 787/787/787 789/789/789 788/788/788
f 788/788/788 789/789/789 790/790/790
f 788/788/788 790/790/790 759/759/759
f 789/789/789 733/733/733 791/791/791
f 789/789/789 791/791/791 790/790/790
f 790/790/790 791/791/791 792/792/792
f 790/790/790 792/792/792 759/759/759
f 791/791/791 733/733/733 793/793/793
f 791/791/791 793/793/793 792/792/792
f 792/792/792 793/793/793 794/794/794
f 792/792/792 794/794/794 759/759/759
f 793/793/793 733/733/733 795/795/795
f 793/793/793 795/795/795 794/794/794
f 794/794/794 795/795/795 796/796/796
f 794/794/794 796/796/796 759/759/759
f 795/795/795 733/733/733 797/797/797
f 795/795/795 797/797/797 796/796/796
f 796/796/796 797/797/797 798/798/798
f 796/796/796 798/798/798 759/759/759
f 797/797/797 733/733/733 799/799/799
f 797/797/797 799/799/799 798/798/798
f 798/798/798 799/799/799 800/800/800
f 798/798/798 800/800/800 759/759/759
f 799/799/799 733/733/733 801/801/801
f 799/799/799 801/801/801 800/800/800
f 800/800/800 801/801/801 802/802/802
f 800/800/800 802/802/802 759/759/759
f 801/801/801 733/733/733 803/803/803
f 801/801/801 803/803/803 802/802/802
f 802/802/802 803/803/803 804/804/804
f 802/802/802 804/804/804 759/759/759
f 803/803/803 733/733/733 805/805/805
f 803/803/803 805/805/805 804/804/804
f 804/804/804 805/805/805 806/806/806
f 804/804/804 806/806/806 759/759/759
f 805/805/805 733/733/733 807/807/807
f 805/805/805 807/807/807 806/806/806
f 806/806/806 807/807/807 808/808/808
f 806/806/806 808/808/808 759/759/759
f 807/807/807 733/733/733 785/785/785
f 807/807/807 785/785/785 808/808/808
f 808/808/808 785/785/785 786/786/786
f 808/808/808 786/786/786 759/759/759
f 809/809/809 660/660/660 811/811/811
f 809/809/809 811/811/811 810/810/810
f 810/810/810 811/811/811 812/812/812
f 810/810/810 812/812/812 736/736/736
f 811/811/811 660/660/660 813/813/813
f 811/811/811 813/813/813 812/812/812
f 812/812/812 813/813/813 814/814/814
f 812/812/812 814/814/814 736/736/736
f 813/813/813 660/660/660 815/815/815
f 813/813/813 815/815/815 814/814/814
f 814/814/814 815/815/815 816/816/816
f 814/814/814 816/816/816 736/736/736
f 815/815/815 660/660/660 817/817/817
f 815/815/815 817/817/817 816/816/816
f 816/816/816 817/817/817 818/818/818
f 816/816/816 818/818/818 736/736/736
f 817/817/817 660/660/660 819/819/819
f 817/817/817 819/819/819 818/818/818
f 818/818/818 819/819/819 820/820/820
f 818/818/818 820/820/820 736/736/736
f 819/819/819 660/660/660 821/821/821
f 819/819/819 821/821/821 820/820/820
f 820/820/820 821/821/821 822/822/822
f 820/820/820 822/822/822 736/736/736
f 821/821/821 660/660/660 823/823/823
f 821/821/821 823/823/823 822/822/822
f 822/822/822 823/823/823 824/824/824
f 822/822/822 824/824/824 736/736/736
f 823/823/823 660/660/660 825/825/825
f 823/823/823 825/825/825 824/824/824
f 824/824/824 825/825/825 826/826/826
f 824/824/824 826/826/826 736/736/736
f 825/825/825 660/660/660 827/827/827
f 825/825/825 827/827/827 826/826/826
f 826/826/826 827/827/827 828/828/828
f 826/826/826 828/828/828 736/736/736
f 827/827/827 660/660/660 829/829/829
f 827/827/827 829/829/829 828/828/828
f 828/828/828 829/829/829 830/830/830
f 828/828/828 830/830/830 736/736/736
f 829/829/829 660/660/660 831/831/831
f 829/829/829 831/831/831 830/830/830
f 830/830/830 831/831/831 832/832/832
f 830/830/830 832/832/832 736/736/736
f 831/831/831 660/660/660 809/809/809
f 831/831/831 809/809/809 832/832/832
f 832/832/832 809/809/809 810/810/810
f 832/832/832 810/810/810 736/736/736
f 833/833/833 686/686/686 835/835/835
f 833/833/833 835/835/835 834/834/834
f 834/834/834 835/835/835 836/836/836
f 834/834/834 836/836/836 762/762/762
f 835/835/835 686/686/686 837/837/837
f 835/835/835 837/837/837 836/836/836
f 836/836/836 837/837/837 838/838/838
f 836/836/836 838/838/838 762/762/762
f 837/837/837 686/686/686 839/839/839
f 837/837/837 839/839/839 838/838/838
f 838/838/838 839/839/839 840/840/840
f 838/838/838 840/840/840 762/762/762
f 839/839/839 686/686/686 841/841/841
f 839/839/839 841/841/841 840/840/840
f 840/840/840 841/841/841 842/842/842
f 840/840/840 842/842/842 762/762/762
f 841/841/841 686/686/686 843/843/843
f 841/841/841 843/843/843 842/842/842
f 842/842/842 843/843/843 844/844/844
f 842/842/842 844/844/844 762/762/762
f 843/843/843 686/686/686 845/845/845
f 843/843/843 845/845/845 844/844/844
f 844/844/844 845/845/845 846/846/846
f 844/844/844 846/846/846 762/762/762
f 845/845/845 686/686/686 847/847/847
f 845/845/845 847/847/847 846/846/846
f 846/846/846 847/847/847 848/848/848
f 846/846/846 848/848/848 762/762/762
f 847/847/847 686/686/686 849/849/849
f 847/847/847 849/849/849 848/848/848
f 848/848/848 849/849/849 850/850/850
f 848/848/848 850/850/850 762/762/762
f 849/849/849 686/686/686 851/851/851
f 849/849/849 851/851/851 850/850/850
f 850/850/850 851/851/851 852/852/852
f 850/850/850 852/852/852 762/762/762
f 851/851/851 686/686/686 853/853/853
f 851/851/851 853/853/853 852/852/852
f 852/852/852 853/853/853 854/854/854
f 852/852/852 854/854/854 762/762/762
f 853/853/853 686/686/686 855/855/855
f 853/853/853 855/855/855 854/854/854
f 854/854/854 855/855/855 856/856/856
f 854/854/854 856/856/856 762/762/762
f 855/855/855 686/686/686 833/833/833
f 855/855/855 833/833/833 856/856/856
f 856/856/856 833/833/833 834/834/834
f 856/856/856 834/834/834 762/762/762
f 857/857/857 660/660/660 859/859/859
f 857/857/857 859/859/859 858/858/858
f 858/858/858 859/859/859 860/860/860
f 858/858/858 860/860/860 686/686/686
f 859/859/859 660/660/660 861/861/861
f 859/859/859 861/861/861 860/860/860
f 860/860/860 861/861/861 862/862/862
f 860/860/860 862/862/862 686/686/686
f 861/861/861 660/660/660 863/863/863
f 861/861/861 863/863/863 862/862/862
f 862/862/862 863/863/863 864/864/864
f 862/862/862 864/864/864 686/686/686
f 863/863/863 660/660/660 865/865/865
f 863/863/863 865/865/865 864/864/864
f 864/864/864 865/865/865 866/866/866
f 864/864/864 866/866/866 686/686/686
f 865/865/865 660/660/660 867/867/867
f 865/865/865 867/867/867 866/866/866
f 866/866/866 867/867/867 868/868/868
f 866/866/866 868/868/868 686/686/686
f 867/867/867 660/660/660 869/869/869
f 867/867/867 869/869/869 868/868/868
f 868/868/868 869/869/869 870/870/870
f 868/868/868 870/870/870 686/686/686
f 869/869/869 660/660/660 871/871/871
f 869/869/869 871/871/871 870/870/870
f 870/870/870 871/871/871 872/872/872
f 870/870/870 872/872/872 686/686/686
f 871/871/871 660/660/660 873/873/873
f 871/871/871 873/873/873 872/872/872
f 872/872/872 873/873/873 874/874/874
f 872/872/872 874/874/874 686/686/686
f 873/873/873 660/660/660 875/875/875
f 873/873/873 875/875/875 874/874/874
f 874/874/874 875/875/875 876/876/876
f 874/874/874 876/876/876 686/686/686
f 875/875/875 660/660/660 877/877/877
f 875/875/875 877/877/877 876/876/876
f 876/876/876 877/877/877 878/878/878
f 876/876/876 878/878/878 686/686/686
f 877/877/877 660/660/660 879/879/879
f 877/877/877 879/879/879 878/878/878
f 878/878/878 879/879/879 880/880/880
f 878/878/878 880/880/880 686/686/686
f 879/879/879 660/660/660 857/857/857
f 879/879/879 857/857/857 880/880/880
f 880/880/880 857/857/857 858/858/858
f 880/880/880 858/858/858 686/686/686
f 881/881/881 736/736/736 883/883/883
f 881/881/881 883/883/883 882/882/882
f 882/882/882 883/883/883 884/884/884
f 882/882/882 884/884/884 762/762/762
f 883/883/883 736/736/736 885/885/885
f 883/883/883 885/885/885 884/884/884
f 884/884/884 885/885/885 886/886/886
f 884/884/884 886/886/886 762/762/762
f 885/885/885 736/736/736 887/887/887
f 885/885/885 887/887/887 886/886/886
f 886/886/886 887/887/887 888/888/888
f 886/886/886 888/888/888 762/762/762
f 887/887/887 736/736/736 889/889/889
f 887/887/887 889/889/889 888/888/888
f 888/888/888 889/889/889 890/890/890
f 888/888/888 890/890/890 762/762/762
f 889/889/889 736/736/736 891/891/891
f 889/889/889 891/891/891 890/890/890
f 890/890/890 891/891/891 892/892/892
f 890/890/890 892/892/892 762/762/762
f 891/891/891 736/736/736 893/893/893
f 891/891/891 893/893/893 892/892/892
f 892/892/892 893/893/893 894/894/894
f 892/892/892 894/894/894 762/762/762
f 893/893/893 736/736/736 895/895/895
f 893/893/893 895/895/895 894/894/894
f 894/894/894 895/895/895 896/896/896
f 894/894/894 896/896/896 762/762/762
f 895/895/895 736/736/736 897/897/897
f 895/895/895 897/897/897 896/896/896
f 896/896/896 897/897/897 898/898/898
f 896/896/896 898/898/898 762/762/762
f 897/897/897 736/736/736 899/899/899
f 897/897/897 899/899/899 898/898/898
f 898/898/898 899/899/899 900/900/900
f 898/898/898 900/900/900 762/762/762
f 899/899/899 736/736/736 901/901/901
f 899/899/899 901/901/901 900/900/900
f 900/900/900 901/901/901 902/902/902
f 900/900/900 902/902/902 762/762/762
f 901/901/901 736/736/736 903/903/903
f 901/901/901 903/903/903 902/902/902
f 902/902/902 903/903/903 904/904/904
f 902/902/902 904/904/904 762/762/762
f 903/903/903 736/736/736 881/881/881
f 903/903/903 881/881/881 904/904/904
f 904/904/904 881/881/881 882/882/882
f 904/904/904 882/882/882 762/762/762
